customer_id,account_id,product_type,origination_date,reporting_date,credit_score,exposure_amount,outstanding_balance,dpd,default_flag,risk_bucket
CUST00001,ACC17270,PERSONAL_LOAN,2024-04-07,2024-10-08,789,268093,123511,0,0,LOW
CUST00002,ACC10860,MORTGAGE,2023-11-14,2024-03-14,784,390724,376358,0,0,LOW
CUST00003,ACC15390,CREDIT_CARD,2024-09-30,2026-04-08,769,436583,129885,0,0,LOW
CUST00004,ACC15191,CREDIT_CARD,2022-12-22,2024-04-19,873,162271,34826,60,0,VERY_LOW
CUST00005,ACC15734,PERSONAL_LOAN,2024-10-04,2026-11-13,744,363548,335666,30,0,LOW
CUST00006,ACC16265,CREDIT_CARD,2024-06-06,2026-02-23,568,215400,54909,0,0,VERY_HIGH
CUST00007,ACC10466,PERSONAL_LOAN,2022-05-07,2024-03-11,566,329868,327727,0,0,VERY_HIGH
CUST00008,ACC14426,PERSONAL_LOAN,2024-10-05,2026-03-28,353,358277,344346,0,0,VERY_HIGH
CUST00009,ACC15578,AUTO_LOAN,2023-08-27,2024-03-26,827,177477,54949,120,1,VERY_LOW
CUST00010,ACC18322,PERSONAL_LOAN,2024-10-10,2025-11-29,819,239304,150777,120,1,VERY_LOW
CUST00011,ACC11685,PERSONAL_LOAN,2022-02-20,2023-10-16,358,25989,9042,150,1,VERY_HIGH
CUST00012,ACC10769,CREDIT_CARD,2024-11-18,2026-12-18,339,301075,163340,90,1,VERY_HIGH
CUST00013,ACC16949,CREDIT_CARD,2024-02-18,2025-04-27,536,281434,70116,0,0,VERY_HIGH
CUST00014,ACC12433,CREDIT_CARD,2024-03-24,2024-12-24,685,441583,167421,0,0,MEDIUM
CUST00015,ACC15311,CREDIT_CARD,2023-02-24,2025-04-05,599,131136,64337,30,0,HIGH
CUST00016,ACC15051,PERSONAL_LOAN,2024-09-09,2026-05-22,694,352022,193935,120,1,MEDIUM
CUST00017,ACC16420,PERSONAL_LOAN,2024-04-04,2026-02-23,506,362621,356092,0,0,VERY_HIGH
CUST00018,ACC11184,PERSONAL_LOAN,2024-10-21,2026-08-31,635,482697,408502,0,0,HIGH
CUST00019,ACC14555,AUTO_LOAN,2023-07-21,2024-12-02,892,217370,171706,90,1,VERY_LOW
CUST00020,ACC13385,MORTGAGE,2023-01-06,2025-05-10,813,136299,85818,0,0,VERY_LOW
CUST00021,ACC16396,AUTO_LOAN,2024-07-24,2025-10-19,477,171205,149290,0,0,VERY_HIGH
CUST00022,ACC18666,PERSONAL_LOAN,2023-10-23,2024-01-25,695,253688,119603,30,0,MEDIUM
CUST00023,ACC19274,PERSONAL_LOAN,2024-08-26,2024-10-07,670,115686,88744,0,0,MEDIUM
CUST00024,ACC12558,CREDIT_CARD,2022-07-21,2023-03-20,617,430268,428128,0,0,HIGH
CUST00025,ACC17849,CREDIT_CARD,2022-11-09,2023-08-07,668,379430,171389,60,0,HIGH
CUST00026,ACC12047,CREDIT_CARD,2022-04-27,2023-10-01,683,488705,361257,30,0,MEDIUM
CUST00027,ACC12747,MORTGAGE,2024-07-25,2025-03-24,361,312619,273682,180,1,VERY_HIGH
CUST00028,ACC19167,AUTO_LOAN,2023-07-29,2025-07-20,804,92666,86424,0,0,VERY_LOW
CUST00029,ACC19998,CREDIT_CARD,2022-09-01,2023-09-03,538,368766,285552,0,0,VERY_HIGH
CUST00030,ACC10189,PERSONAL_LOAN,2023-06-21,2024-01-09,494,198728,84834,60,0,VERY_HIGH
CUST00031,ACC12734,AUTO_LOAN,2022-03-16,2024-02-15,521,145705,67173,0,0,VERY_HIGH
CUST00032,ACC13005,CREDIT_CARD,2023-01-21,2023-08-02,360,420520,91087,0,0,VERY_HIGH
CUST00033,ACC14658,CREDIT_CARD,2023-04-20,2024-08-26,428,117573,95082,60,0,VERY_HIGH
CUST00034,ACC11899,AUTO_LOAN,2023-02-22,2024-08-01,455,238892,55946,0,0,VERY_HIGH
CUST00035,ACC17734,CREDIT_CARD,2022-12-13,2024-12-11,677,318690,284182,0,0,MEDIUM
CUST00036,ACC11267,CREDIT_CARD,2023-10-02,2024-11-29,885,279152,82329,0,0,VERY_LOW
CUST00037,ACC11528,PERSONAL_LOAN,2024-07-27,2026-07-29,736,320435,108147,0,0,MEDIUM
CUST00038,ACC13556,AUTO_LOAN,2024-08-12,2025-07-15,506,168477,97922,0,0,VERY_HIGH
CUST00039,ACC13890,PERSONAL_LOAN,2024-05-25,2026-07-31,687,258141,204009,0,0,MEDIUM
CUST00040,ACC18838,CREDIT_CARD,2024-02-02,2024-09-01,779,308530,96015,60,0,LOW
CUST00041,ACC15393,CREDIT_CARD,2023-10-26,2025-08-14,639,100909,55707,120,1,HIGH
CUST00042,ACC18792,PERSONAL_LOAN,2022-01-25,2024-04-27,639,161899,94918,0,0,HIGH
CUST00043,ACC18433,PERSONAL_LOAN,2023-12-11,2025-06-02,503,305184,112865,0,0,VERY_HIGH
CUST00044,ACC17513,AUTO_LOAN,2022-06-26,2024-07-02,460,70354,20574,0,0,VERY_HIGH
CUST00045,ACC12612,CREDIT_CARD,2022-10-12,2024-05-09,839,350687,304794,0,0,VERY_LOW
CUST00046,ACC17041,AUTO_LOAN,2022-03-04,2023-10-18,691,28157,16949,30,0,MEDIUM
CUST00047,ACC19555,CREDIT_CARD,2024-09-29,2026-07-14,874,45315,9584,60,0,VERY_LOW
CUST00048,ACC16235,CREDIT_CARD,2023-10-24,2025-12-25,833,308076,259518,60,0,VERY_LOW
CUST00049,ACC15486,CREDIT_CARD,2023-10-28,2025-07-12,369,424380,417859,0,0,VERY_HIGH
CUST00050,ACC17099,CREDIT_CARD,2022-06-05,2024-07-17,704,155486,106467,0,0,MEDIUM
CUST00051,ACC19670,PERSONAL_LOAN,2024-12-08,2025-08-21,890,268669,161998,0,0,VERY_LOW
CUST00052,ACC10775,PERSONAL_LOAN,2024-08-24,2026-10-07,816,417543,376929,0,0,VERY_LOW
CUST00053,ACC18226,CREDIT_CARD,2024-04-28,2026-05-30,419,386024,371360,30,0,VERY_HIGH
CUST00054,ACC13152,PERSONAL_LOAN,2023-11-20,2025-02-27,516,142018,114129,180,1,VERY_HIGH
CUST00055,ACC11585,CREDIT_CARD,2022-05-28,2023-08-22,355,286837,159585,0,0,VERY_HIGH
CUST00056,ACC13943,AUTO_LOAN,2022-12-08,2024-07-13,665,299385,201718,60,0,HIGH
CUST00057,ACC17555,MORTGAGE,2023-04-21,2023-06-10,803,387338,294666,0,0,VERY_LOW
CUST00058,ACC13073,CREDIT_CARD,2024-12-22,2026-07-28,754,105790,37599,0,0,LOW
CUST00059,ACC11021,PERSONAL_LOAN,2023-07-15,2024-09-13,403,418756,233565,30,0,VERY_HIGH
CUST00060,ACC13843,CREDIT_CARD,2022-11-23,2024-09-07,376,82255,71056,0,0,VERY_HIGH
CUST00061,ACC17989,CREDIT_CARD,2024-09-16,2025-01-28,529,205829,148974,0,0,VERY_HIGH
CUST00062,ACC19692,CREDIT_CARD,2022-08-03,2023-03-12,557,182275,96416,30,0,VERY_HIGH
CUST00063,ACC16873,AUTO_LOAN,2023-03-11,2023-04-26,563,428297,312952,90,1,VERY_HIGH
CUST00064,ACC15675,PERSONAL_LOAN,2024-08-09,2025-01-05,630,202933,59779,0,0,HIGH
CUST00065,ACC10161,CREDIT_CARD,2023-12-24,2025-02-18,481,271439,141473,0,0,VERY_HIGH
CUST00066,ACC14297,AUTO_LOAN,2022-02-01,2023-05-01,849,21350,17816,120,1,VERY_LOW
CUST00067,ACC10995,PERSONAL_LOAN,2023-11-01,2024-04-07,326,196584,73995,90,1,VERY_HIGH
CUST00068,ACC17629,AUTO_LOAN,2022-10-12,2023-03-20,575,328953,114728,60,0,VERY_HIGH
CUST00069,ACC19467,PERSONAL_LOAN,2023-03-05,2024-10-26,598,111894,107491,0,0,HIGH
CUST00070,ACC11016,PERSONAL_LOAN,2022-10-13,2024-05-24,390,369701,136019,120,1,VERY_HIGH
CUST00071,ACC17869,CREDIT_CARD,2024-11-08,2025-01-05,779,446048,182315,0,0,LOW
CUST00072,ACC16439,CREDIT_CARD,2022-01-18,2022-05-24,872,431585,421094,30,0,VERY_LOW
CUST00073,ACC17892,MORTGAGE,2024-02-08,2024-03-18,757,41728,32871,0,0,LOW
CUST00074,ACC16863,CREDIT_CARD,2023-08-13,2024-05-10,750,289720,220093,30,0,LOW
CUST00075,ACC17916,MORTGAGE,2024-10-06,2027-02-08,664,432217,381362,0,0,HIGH
CUST00076,ACC18529,PERSONAL_LOAN,2022-07-13,2023-03-31,650,93384,27329,0,0,HIGH
CUST00077,ACC10878,CREDIT_CARD,2023-05-17,2025-08-12,699,10390,7945,0,0,MEDIUM
CUST00078,ACC19268,CREDIT_CARD,2024-09-14,2025-07-24,552,490751,295898,0,0,VERY_HIGH
CUST00079,ACC14887,CREDIT_CARD,2022-04-24,2024-05-07,758,317580,274173,30,0,LOW
CUST00080,ACC14859,MORTGAGE,2024-08-04,2026-10-01,798,21569,13081,120,1,LOW
CUST00081,ACC16331,CREDIT_CARD,2024-04-10,2026-07-20,807,416245,289786,150,1,VERY_LOW
CUST00082,ACC18571,CREDIT_CARD,2024-07-13,2026-09-26,603,32490,18915,0,0,HIGH
CUST00083,ACC18684,CREDIT_CARD,2022-02-24,2024-03-20,800,318019,185254,60,0,VERY_LOW
CUST00084,ACC17208,CREDIT_CARD,2024-03-10,2024-10-25,897,278011,226405,30,0,VERY_LOW
CUST00085,ACC15276,PERSONAL_LOAN,2024-02-17,2024-06-04,465,90820,63833,0,0,VERY_HIGH
CUST00086,ACC12062,CREDIT_CARD,2022-06-11,2024-11-11,714,371659,262618,0,0,MEDIUM
CUST00087,ACC10064,AUTO_LOAN,2022-03-28,2024-08-29,761,281265,157571,30,0,LOW
CUST00088,ACC18006,CREDIT_CARD,2022-02-24,2022-09-14,413,11539,7210,150,1,VERY_HIGH
CUST00089,ACC12568,CREDIT_CARD,2024-10-28,2026-03-08,732,494240,393698,30,0,MEDIUM
CUST00090,ACC15463,PERSONAL_LOAN,2024-04-12,2025-12-13,655,420243,361725,0,0,HIGH
CUST00091,ACC12027,CREDIT_CARD,2022-11-09,2024-01-28,506,399546,302555,0,0,VERY_HIGH
CUST00092,ACC12695,MORTGAGE,2024-01-29,2025-05-21,534,346373,325333,0,0,VERY_HIGH
CUST00093,ACC19687,PERSONAL_LOAN,2023-03-19,2023-07-13,741,412137,352896,60,0,LOW
CUST00094,ACC15258,CREDIT_CARD,2022-11-24,2023-04-03,654,322579,209512,60,0,HIGH
CUST00095,ACC15618,PERSONAL_LOAN,2024-12-13,2025-01-19,814,413526,304820,0,0,VERY_LOW
CUST00096,ACC16736,CREDIT_CARD,2024-01-31,2026-06-23,507,73965,69604,90,1,VERY_HIGH
CUST00097,ACC10391,CREDIT_CARD,2023-08-02,2024-03-18,424,383192,266446,0,0,VERY_HIGH
CUST00098,ACC15892,MORTGAGE,2024-12-10,2026-05-28,437,368588,316928,180,1,VERY_HIGH
CUST00099,ACC13561,AUTO_LOAN,2024-10-03,2025-01-27,638,342066,256908,0,0,HIGH
CUST00100,ACC16184,MORTGAGE,2022-04-06,2022-06-17,836,107799,69158,0,0,VERY_LOW
CUST00101,ACC13099,PERSONAL_LOAN,2024-03-24,2025-05-12,367,103948,40900,0,0,VERY_HIGH
CUST00102,ACC16278,PERSONAL_LOAN,2023-05-06,2025-02-14,872,486055,262857,0,0,VERY_LOW
CUST00103,ACC18392,CREDIT_CARD,2023-03-28,2024-07-04,840,153314,149357,0,0,VERY_LOW
CUST00104,ACC13104,CREDIT_CARD,2022-06-14,2023-08-25,682,258099,187434,30,0,MEDIUM
CUST00105,ACC17215,AUTO_LOAN,2022-07-01,2023-11-25,318,281091,183135,30,0,VERY_HIGH
CUST00106,ACC12454,CREDIT_CARD,2023-04-14,2025-03-07,749,253322,239735,60,0,LOW
CUST00107,ACC18996,AUTO_LOAN,2024-06-28,2024-08-13,373,212538,142232,0,0,VERY_HIGH
CUST00108,ACC12731,PERSONAL_LOAN,2024-01-05,2025-11-09,872,244778,151974,0,0,VERY_LOW
CUST00109,ACC18154,CREDIT_CARD,2024-04-02,2024-09-26,575,265821,214636,0,0,VERY_HIGH
CUST00110,ACC19762,PERSONAL_LOAN,2024-08-01,2025-06-03,347,202888,156250,60,0,VERY_HIGH
CUST00111,ACC15056,PERSONAL_LOAN,2022-01-07,2022-09-25,510,320929,113778,0,0,VERY_HIGH
CUST00112,ACC18110,CREDIT_CARD,2022-11-26,2025-03-30,839,392107,226264,120,1,VERY_LOW
CUST00113,ACC13840,AUTO_LOAN,2024-02-14,2025-03-15,490,272651,157595,60,0,VERY_HIGH
CUST00114,ACC11028,PERSONAL_LOAN,2022-05-31,2023-02-12,614,470188,236306,0,0,HIGH
CUST00115,ACC17385,CREDIT_CARD,2022-05-27,2024-04-06,862,168223,103261,0,0,VERY_LOW
CUST00116,ACC10502,PERSONAL_LOAN,2024-07-03,2025-10-11,861,21618,11468,0,0,VERY_LOW
CUST00117,ACC16910,MORTGAGE,2023-12-01,2025-02-01,412,346430,124533,0,0,VERY_HIGH
CUST00118,ACC19062,CREDIT_CARD,2022-03-23,2022-11-18,469,288266,152750,90,1,VERY_HIGH
CUST00119,ACC16938,AUTO_LOAN,2023-05-29,2024-07-22,767,148426,38267,120,1,LOW
CUST00120,ACC14488,CREDIT_CARD,2024-03-25,2025-09-04,313,381742,252189,0,0,VERY_HIGH
CUST00121,ACC10206,AUTO_LOAN,2023-12-10,2025-07-01,587,434195,383361,30,0,HIGH
CUST00122,ACC15134,PERSONAL_LOAN,2024-01-16,2025-08-30,488,96436,75242,60,0,VERY_HIGH
CUST00123,ACC15977,CREDIT_CARD,2024-10-19,2026-03-23,454,220448,107648,30,0,VERY_HIGH
CUST00124,ACC17721,CREDIT_CARD,2023-12-08,2025-03-23,866,455990,122960,0,0,VERY_LOW
CUST00125,ACC17035,AUTO_LOAN,2023-04-16,2024-01-31,770,146109,52850,0,0,LOW
CUST00126,ACC11484,PERSONAL_LOAN,2023-01-31,2025-04-12,374,38633,24585,0,0,VERY_HIGH
CUST00127,ACC17858,PERSONAL_LOAN,2022-09-18,2023-10-02,576,296639,108464,90,1,VERY_HIGH
CUST00128,ACC10863,CREDIT_CARD,2024-03-15,2025-03-31,642,336694,213860,0,0,HIGH
CUST00129,ACC12790,AUTO_LOAN,2024-07-22,2026-01-22,724,222456,85707,0,0,MEDIUM
CUST00130,ACC17408,PERSONAL_LOAN,2024-06-23,2025-06-07,870,308627,271326,120,1,VERY_LOW
CUST00131,ACC18755,MORTGAGE,2024-12-12,2025-05-28,810,385325,199527,30,0,VERY_LOW
CUST00132,ACC15116,CREDIT_CARD,2024-07-28,2026-02-27,481,476589,188939,120,1,VERY_HIGH
CUST00133,ACC16019,PERSONAL_LOAN,2024-05-03,2026-02-14,757,306213,260238,0,0,LOW
CUST00134,ACC11757,PERSONAL_LOAN,2023-08-16,2024-09-16,363,148442,70401,0,0,VERY_HIGH
CUST00135,ACC17574,CREDIT_CARD,2023-12-15,2024-08-20,559,129873,37557,120,1,VERY_HIGH
CUST00136,ACC16374,PERSONAL_LOAN,2023-09-24,2024-09-24,492,388987,255302,0,0,VERY_HIGH
CUST00137,ACC16892,CREDIT_CARD,2022-02-28,2022-11-07,705,81947,54515,0,0,MEDIUM
CUST00138,ACC11678,PERSONAL_LOAN,2022-05-08,2024-03-15,392,180205,139074,0,0,VERY_HIGH
CUST00139,ACC13242,PERSONAL_LOAN,2024-01-06,2026-03-13,729,237107,92987,0,0,MEDIUM
CUST00140,ACC14636,CREDIT_CARD,2023-12-22,2025-01-14,733,105761,58699,0,0,MEDIUM
CUST00141,ACC11059,PERSONAL_LOAN,2023-06-10,2024-06-02,703,385897,164351,90,1,MEDIUM
CUST00142,ACC16668,PERSONAL_LOAN,2023-06-05,2024-10-09,733,403908,106939,120,1,MEDIUM
CUST00143,ACC19914,CREDIT_CARD,2023-07-06,2025-02-15,411,38926,35083,120,1,VERY_HIGH
CUST00144,ACC13157,MORTGAGE,2022-08-25,2024-12-05,674,371926,291253,0,0,MEDIUM
CUST00145,ACC15915,MORTGAGE,2023-05-09,2024-06-23,358,114700,50602,0,0,VERY_HIGH
CUST00146,ACC19789,PERSONAL_LOAN,2022-01-04,2024-05-18,342,346128,235193,0,0,VERY_HIGH
CUST00147,ACC12693,CREDIT_CARD,2023-10-28,2025-07-08,506,446606,161229,90,1,VERY_HIGH
CUST00148,ACC13627,AUTO_LOAN,2023-03-18,2024-12-23,595,59593,54360,0,0,HIGH
CUST00149,ACC19555,PERSONAL_LOAN,2022-01-29,2022-08-15,417,347753,101517,30,0,VERY_HIGH
CUST00150,ACC15450,CREDIT_CARD,2023-09-02,2024-05-05,831,15209,3088,60,0,VERY_LOW
CUST00151,ACC11663,PERSONAL_LOAN,2024-03-15,2025-04-26,521,136700,82239,0,0,VERY_HIGH
CUST00152,ACC19721,PERSONAL_LOAN,2022-03-16,2022-08-11,465,409749,273098,0,0,VERY_HIGH
CUST00153,ACC15592,PERSONAL_LOAN,2024-04-17,2024-11-22,455,96597,64060,150,1,VERY_HIGH
CUST00154,ACC17392,CREDIT_CARD,2022-05-08,2024-07-12,483,279355,68053,150,1,VERY_HIGH
CUST00155,ACC11306,PERSONAL_LOAN,2022-02-11,2023-03-17,389,19927,8991,0,0,VERY_HIGH
CUST00156,ACC16776,MORTGAGE,2022-02-10,2024-04-27,393,218535,130980,0,0,VERY_HIGH
CUST00157,ACC15864,CREDIT_CARD,2024-07-22,2025-01-16,312,127333,47528,150,1,VERY_HIGH
CUST00158,ACC19474,PERSONAL_LOAN,2022-02-03,2024-01-09,737,165666,148784,0,0,MEDIUM
CUST00159,ACC17526,AUTO_LOAN,2024-11-06,2026-09-18,837,215924,58231,0,0,VERY_LOW
CUST00160,ACC18901,PERSONAL_LOAN,2024-09-24,2027-03-01,886,218785,129062,0,0,VERY_LOW
CUST00161,ACC15575,CREDIT_CARD,2023-08-11,2025-01-09,449,348526,262486,0,0,VERY_HIGH
CUST00162,ACC15530,PERSONAL_LOAN,2022-12-08,2025-02-14,307,149005,61002,0,0,VERY_HIGH
CUST00163,ACC14413,PERSONAL_LOAN,2022-01-27,2023-03-06,328,113780,79576,0,0,VERY_HIGH
CUST00164,ACC13748,AUTO_LOAN,2023-10-08,2025-12-26,595,50696,43776,0,0,HIGH
CUST00165,ACC10663,PERSONAL_LOAN,2024-01-01,2025-12-23,639,206521,72751,0,0,HIGH
CUST00166,ACC11998,MORTGAGE,2022-06-17,2022-12-23,738,339760,317259,180,1,MEDIUM
CUST00167,ACC17994,CREDIT_CARD,2023-09-02,2024-09-16,443,409305,263120,90,1,VERY_HIGH
CUST00168,ACC11495,CREDIT_CARD,2022-09-25,2023-08-08,818,459764,202013,90,1,VERY_LOW
CUST00169,ACC13304,PERSONAL_LOAN,2024-03-31,2025-02-11,344,167195,91068,30,0,VERY_HIGH
CUST00170,ACC13763,CREDIT_CARD,2023-03-31,2023-12-11,538,411013,184854,0,0,VERY_HIGH
CUST00171,ACC15232,CREDIT_CARD,2024-06-24,2025-12-28,454,60013,46815,0,0,VERY_HIGH
CUST00172,ACC11853,CREDIT_CARD,2024-07-10,2026-01-12,480,411562,344494,120,1,VERY_HIGH
CUST00173,ACC16585,CREDIT_CARD,2024-09-07,2026-11-28,514,226486,196216,0,0,VERY_HIGH
CUST00174,ACC11291,CREDIT_CARD,2023-12-03,2024-09-30,387,436888,431913,0,0,VERY_HIGH
CUST00175,ACC13581,MORTGAGE,2023-09-26,2024-11-30,555,420869,350595,60,0,VERY_HIGH
CUST00176,ACC17554,CREDIT_CARD,2022-05-10,2022-12-08,810,321700,219112,0,0,VERY_LOW
CUST00177,ACC17280,PERSONAL_LOAN,2024-10-16,2026-09-10,372,395867,186602,0,0,VERY_HIGH
CUST00178,ACC11636,AUTO_LOAN,2024-03-29,2025-08-28,478,249350,158505,180,1,VERY_HIGH
CUST00179,ACC13696,MORTGAGE,2023-11-24,2026-03-29,511,36140,8415,90,1,VERY_HIGH
CUST00180,ACC10698,CREDIT_CARD,2024-03-04,2026-07-27,533,273328,217530,0,0,VERY_HIGH
CUST00181,ACC14737,AUTO_LOAN,2022-01-29,2022-07-01,764,437709,243700,180,1,LOW
CUST00182,ACC10854,PERSONAL_LOAN,2022-05-29,2024-03-14,522,447364,96638,30,0,VERY_HIGH
CUST00183,ACC18164,PERSONAL_LOAN,2022-01-11,2024-04-09,563,165918,41480,60,0,VERY_HIGH
CUST00184,ACC15855,PERSONAL_LOAN,2023-11-07,2025-01-23,506,121361,61890,0,0,VERY_HIGH
CUST00185,ACC17392,AUTO_LOAN,2022-07-06,2024-07-29,665,163267,108856,0,0,HIGH
CUST00186,ACC16528,CREDIT_CARD,2024-03-17,2024-10-04,575,277750,158696,30,0,VERY_HIGH
CUST00187,ACC15249,PERSONAL_LOAN,2024-01-14,2024-11-26,679,407172,283132,120,1,MEDIUM
CUST00188,ACC15172,PERSONAL_LOAN,2022-04-08,2023-07-16,608,26555,15514,30,0,HIGH
CUST00189,ACC11707,AUTO_LOAN,2022-02-24,2024-02-09,567,100385,73217,0,0,VERY_HIGH
CUST00190,ACC15791,MORTGAGE,2023-09-15,2024-02-04,363,421906,158341,0,0,VERY_HIGH
CUST00191,ACC19925,CREDIT_CARD,2023-10-26,2024-03-25,649,330646,95978,90,1,HIGH
CUST00192,ACC15535,MORTGAGE,2024-01-28,2025-08-23,793,265658,179889,0,0,LOW
CUST00193,ACC14931,CREDIT_CARD,2023-02-10,2023-10-19,822,452065,265701,0,0,VERY_LOW
CUST00194,ACC13510,CREDIT_CARD,2022-03-10,2023-12-30,397,167419,37082,0,0,VERY_HIGH
CUST00195,ACC10202,CREDIT_CARD,2024-01-21,2024-03-29,370,239797,120950,0,0,VERY_HIGH
CUST00196,ACC14218,CREDIT_CARD,2024-08-15,2026-01-23,663,113844,32434,30,0,HIGH
CUST00197,ACC18958,PERSONAL_LOAN,2022-12-31,2025-03-19,869,101321,63334,30,0,VERY_LOW
CUST00198,ACC14389,CREDIT_CARD,2023-04-27,2024-01-14,575,321200,165939,0,0,VERY_HIGH
CUST00199,ACC12327,CREDIT_CARD,2022-07-20,2024-01-30,349,204923,141503,0,0,VERY_HIGH
CUST00200,ACC18004,MORTGAGE,2022-06-03,2022-11-28,657,108234,91401,90,1,HIGH
CUST00201,ACC12931,AUTO_LOAN,2022-03-14,2023-05-14,863,484718,213147,0,0,VERY_LOW
CUST00202,ACC17777,AUTO_LOAN,2023-12-14,2025-11-03,784,237705,230498,0,0,LOW
CUST00203,ACC10197,AUTO_LOAN,2022-10-23,2024-08-20,383,484634,304596,150,1,VERY_HIGH
CUST00204,ACC17125,PERSONAL_LOAN,2024-11-06,2025-10-03,883,211283,146764,0,0,VERY_LOW
CUST00205,ACC11930,CREDIT_CARD,2022-03-02,2023-03-26,595,313994,233780,150,1,HIGH
CUST00206,ACC16287,CREDIT_CARD,2024-07-27,2025-04-20,535,481761,353316,0,0,VERY_HIGH
CUST00207,ACC18800,PERSONAL_LOAN,2022-02-11,2023-12-19,355,299987,182625,30,0,VERY_HIGH
CUST00208,ACC19339,CREDIT_CARD,2022-01-25,2023-12-18,659,334464,181617,0,0,HIGH
CUST00209,ACC14282,PERSONAL_LOAN,2024-11-28,2025-08-20,409,39793,9670,150,1,VERY_HIGH
CUST00210,ACC12511,CREDIT_CARD,2022-05-11,2024-06-14,491,442732,96368,0,0,VERY_HIGH
CUST00211,ACC19986,CREDIT_CARD,2022-04-18,2022-12-06,392,158929,77298,0,0,VERY_HIGH
CUST00212,ACC10659,PERSONAL_LOAN,2022-06-21,2023-04-02,867,29627,13833,180,1,VERY_LOW
CUST00213,ACC12811,PERSONAL_LOAN,2022-04-12,2023-12-30,359,333966,170374,0,0,VERY_HIGH
CUST00214,ACC17098,PERSONAL_LOAN,2024-05-15,2026-04-06,338,487317,151406,0,0,VERY_HIGH
CUST00215,ACC16546,PERSONAL_LOAN,2023-06-08,2024-02-27,839,232633,183904,0,0,VERY_LOW
CUST00216,ACC19561,CREDIT_CARD,2022-10-02,2023-10-11,348,455464,403345,60,0,VERY_HIGH
CUST00217,ACC11986,CREDIT_CARD,2024-12-03,2026-06-19,719,327942,311863,0,0,MEDIUM
CUST00218,ACC18338,AUTO_LOAN,2024-03-27,2026-09-02,312,234440,139231,0,0,VERY_HIGH
CUST00219,ACC12911,PERSONAL_LOAN,2024-08-14,2026-11-18,335,185188,140871,30,0,VERY_HIGH
CUST00220,ACC11734,CREDIT_CARD,2024-11-06,2027-01-25,400,347462,307309,0,0,VERY_HIGH
CUST00221,ACC11843,AUTO_LOAN,2022-11-26,2024-04-04,385,376330,201198,150,1,VERY_HIGH
CUST00222,ACC18680,CREDIT_CARD,2022-01-12,2024-03-21,815,268191,120023,120,1,VERY_LOW
CUST00223,ACC12976,PERSONAL_LOAN,2022-08-04,2024-02-25,522,360046,341820,60,0,VERY_HIGH
CUST00224,ACC11959,CREDIT_CARD,2022-12-05,2023-08-04,637,431773,264478,90,1,HIGH
CUST00225,ACC15759,PERSONAL_LOAN,2023-10-23,2025-02-26,465,343478,205332,30,0,VERY_HIGH
CUST00226,ACC16694,PERSONAL_LOAN,2023-01-09,2024-04-18,682,478379,163956,0,0,MEDIUM
CUST00227,ACC12385,CREDIT_CARD,2024-09-02,2025-07-11,675,378863,108553,60,0,MEDIUM
CUST00228,ACC14736,AUTO_LOAN,2023-12-11,2025-07-24,770,133099,116286,0,0,LOW
CUST00229,ACC11802,CREDIT_CARD,2023-04-11,2025-01-06,330,219074,151447,0,0,VERY_HIGH
CUST00230,ACC18155,CREDIT_CARD,2023-05-04,2024-09-07,674,183686,84616,90,1,MEDIUM
CUST00231,ACC18120,CREDIT_CARD,2022-02-16,2023-04-28,310,284864,100667,0,0,VERY_HIGH
CUST00232,ACC16616,CREDIT_CARD,2024-02-17,2024-06-13,601,329752,212491,90,1,HIGH
CUST00233,ACC15534,CREDIT_CARD,2024-11-05,2025-01-17,395,117449,78354,0,0,VERY_HIGH
CUST00234,ACC14061,PERSONAL_LOAN,2023-12-12,2025-04-15,489,112828,41249,30,0,VERY_HIGH
CUST00235,ACC10262,AUTO_LOAN,2023-02-05,2023-12-09,752,136613,120373,0,0,LOW
CUST00236,ACC16287,PERSONAL_LOAN,2024-09-07,2026-08-20,491,82095,21953,30,0,VERY_HIGH
CUST00237,ACC18815,CREDIT_CARD,2022-09-07,2023-12-01,785,115924,56208,60,0,LOW
CUST00238,ACC19208,CREDIT_CARD,2023-01-26,2025-01-25,565,487910,363155,30,0,VERY_HIGH
CUST00239,ACC12049,CREDIT_CARD,2022-12-01,2023-12-18,723,106452,44634,0,0,MEDIUM
CUST00240,ACC15423,CREDIT_CARD,2023-09-21,2025-09-15,427,97593,84138,0,0,VERY_HIGH
CUST00241,ACC14548,AUTO_LOAN,2022-05-17,2023-11-12,537,176964,140136,0,0,VERY_HIGH
CUST00242,ACC13108,CREDIT_CARD,2024-06-01,2026-06-03,654,379119,315130,30,0,HIGH
CUST00243,ACC17158,PERSONAL_LOAN,2023-11-19,2025-09-08,411,349386,103168,120,1,VERY_HIGH
CUST00244,ACC17400,AUTO_LOAN,2024-04-06,2024-05-24,745,388185,121283,0,0,LOW
CUST00245,ACC13170,PERSONAL_LOAN,2023-12-28,2024-02-18,642,136202,58455,60,0,HIGH
CUST00246,ACC19874,AUTO_LOAN,2023-08-17,2024-11-01,444,87606,53830,90,1,VERY_HIGH
CUST00247,ACC12255,PERSONAL_LOAN,2024-09-16,2024-11-14,364,133769,106802,0,0,VERY_HIGH
CUST00248,ACC11154,PERSONAL_LOAN,2023-01-07,2025-04-22,546,128542,111731,30,0,VERY_HIGH
CUST00249,ACC14499,PERSONAL_LOAN,2024-07-23,2024-12-07,789,378582,289035,90,1,LOW
CUST00250,ACC16295,PERSONAL_LOAN,2024-09-21,2025-10-22,738,273068,257469,0,0,MEDIUM
CUST00251,ACC16197,CREDIT_CARD,2023-02-06,2023-12-13,405,61322,48505,0,0,VERY_HIGH
CUST00252,ACC19888,CREDIT_CARD,2023-09-07,2024-02-11,480,167550,74562,0,0,VERY_HIGH
CUST00253,ACC11648,CREDIT_CARD,2024-09-21,2025-06-06,483,81042,33394,150,1,VERY_HIGH
CUST00254,ACC15539,PERSONAL_LOAN,2023-09-12,2024-01-30,525,56418,42705,120,1,VERY_HIGH
CUST00255,ACC19637,CREDIT_CARD,2022-07-07,2022-12-19,388,465433,164901,60,0,VERY_HIGH
CUST00256,ACC14199,MORTGAGE,2022-05-11,2023-06-06,829,110699,30350,0,0,VERY_LOW
CUST00257,ACC18445,PERSONAL_LOAN,2024-03-15,2024-10-16,670,100140,62665,0,0,MEDIUM
CUST00258,ACC12557,CREDIT_CARD,2024-07-24,2026-06-09,698,484062,414992,0,0,MEDIUM
CUST00259,ACC15592,CREDIT_CARD,2024-09-12,2026-05-18,405,476978,134080,0,0,VERY_HIGH
CUST00260,ACC10098,AUTO_LOAN,2022-07-02,2022-12-07,570,21781,18154,30,0,VERY_HIGH
CUST00261,ACC12200,AUTO_LOAN,2024-09-09,2025-06-26,802,408731,347117,150,1,VERY_LOW
CUST00262,ACC12961,PERSONAL_LOAN,2022-12-30,2024-06-26,824,389502,228177,120,1,VERY_LOW
CUST00263,ACC14973,CREDIT_CARD,2022-02-08,2023-06-01,331,308277,75789,30,0,VERY_HIGH
CUST00264,ACC14433,CREDIT_CARD,2023-05-12,2023-09-22,692,485724,164986,0,0,MEDIUM
CUST00265,ACC12869,CREDIT_CARD,2024-09-08,2026-02-02,339,107628,82436,0,0,VERY_HIGH
CUST00266,ACC10956,CREDIT_CARD,2024-07-09,2025-03-19,517,86946,66898,0,0,VERY_HIGH
CUST00267,ACC18352,AUTO_LOAN,2023-12-23,2026-05-02,381,95058,87328,60,0,VERY_HIGH
CUST00268,ACC15699,PERSONAL_LOAN,2022-01-16,2024-06-29,500,412311,274660,90,1,VERY_HIGH
CUST00269,ACC16944,PERSONAL_LOAN,2023-05-08,2024-10-09,746,491799,147188,0,0,LOW
CUST00270,ACC14493,AUTO_LOAN,2024-06-12,2025-10-27,727,161542,47999,0,0,MEDIUM
CUST00271,ACC19492,PERSONAL_LOAN,2022-11-07,2022-12-16,337,315273,244937,0,0,VERY_HIGH
CUST00272,ACC14911,PERSONAL_LOAN,2024-01-09,2025-03-18,510,280675,97402,0,0,VERY_HIGH
CUST00273,ACC13987,CREDIT_CARD,2023-06-30,2024-05-26,743,309182,143061,0,0,LOW
CUST00274,ACC19719,MORTGAGE,2023-02-18,2023-11-05,626,360083,212366,0,0,HIGH
CUST00275,ACC16015,CREDIT_CARD,2022-09-08,2024-10-07,526,52674,11578,0,0,VERY_HIGH
CUST00276,ACC11218,MORTGAGE,2024-01-29,2024-05-03,347,137572,54898,90,1,VERY_HIGH
CUST00277,ACC14496,AUTO_LOAN,2024-11-28,2025-04-18,317,235730,124067,30,0,VERY_HIGH
CUST00278,ACC14735,CREDIT_CARD,2024-03-24,2024-05-05,738,485692,205792,0,0,MEDIUM
CUST00279,ACC14555,PERSONAL_LOAN,2022-01-29,2023-03-27,486,301975,93339,0,0,VERY_HIGH
CUST00280,ACC19146,AUTO_LOAN,2024-08-15,2026-01-26,644,67174,52557,0,0,HIGH
CUST00281,ACC18050,PERSONAL_LOAN,2023-04-22,2025-01-08,523,283423,241056,0,0,VERY_HIGH
CUST00282,ACC13446,MORTGAGE,2022-11-14,2023-08-04,787,441436,179215,0,0,LOW
CUST00283,ACC11045,MORTGAGE,2022-09-02,2024-05-25,528,332754,272703,0,0,VERY_HIGH
CUST00284,ACC16893,CREDIT_CARD,2024-01-18,2024-12-26,689,455935,231816,30,0,MEDIUM
CUST00285,ACC11693,CREDIT_CARD,2023-11-28,2025-07-15,888,266008,161027,60,0,VERY_LOW
CUST00286,ACC13436,MORTGAGE,2022-09-29,2022-11-09,487,63051,55787,0,0,VERY_HIGH
CUST00287,ACC18754,PERSONAL_LOAN,2023-01-12,2023-09-07,569,213085,170460,90,1,VERY_HIGH
CUST00288,ACC15895,CREDIT_CARD,2022-09-23,2022-11-05,609,328796,277534,0,0,HIGH
CUST00289,ACC13354,CREDIT_CARD,2024-07-14,2026-05-07,431,75524,23372,0,0,VERY_HIGH
CUST00290,ACC10225,PERSONAL_LOAN,2024-07-09,2025-09-29,850,486152,124345,30,0,VERY_LOW
CUST00291,ACC14893,MORTGAGE,2022-12-06,2024-03-16,371,278614,254854,30,0,VERY_HIGH
CUST00292,ACC17022,AUTO_LOAN,2023-01-24,2024-03-05,486,470814,240241,120,1,VERY_HIGH
CUST00293,ACC19151,PERSONAL_LOAN,2023-07-31,2023-09-18,785,445014,191491,60,0,LOW
CUST00294,ACC15600,CREDIT_CARD,2022-01-03,2023-09-11,490,325617,253902,120,1,VERY_HIGH
CUST00295,ACC17996,CREDIT_CARD,2023-01-11,2025-03-05,721,423096,367726,120,1,MEDIUM
CUST00296,ACC19007,AUTO_LOAN,2022-11-20,2024-12-23,419,241189,214656,30,0,VERY_HIGH
CUST00297,ACC17683,CREDIT_CARD,2022-05-26,2022-09-02,519,54439,24649,0,0,VERY_HIGH
CUST00298,ACC14642,CREDIT_CARD,2022-10-20,2025-02-19,352,286452,252584,30,0,VERY_HIGH
CUST00299,ACC17679,CREDIT_CARD,2023-03-08,2023-11-03,750,101563,23638,150,1,LOW
CUST00300,ACC18208,PERSONAL_LOAN,2023-12-06,2024-04-14,711,237328,56894,60,0,MEDIUM
CUST00301,ACC17339,MORTGAGE,2024-08-06,2026-08-03,536,307225,214693,0,0,VERY_HIGH
CUST00302,ACC19435,CREDIT_CARD,2023-08-08,2024-01-16,705,216314,54183,60,0,MEDIUM
CUST00303,ACC12205,PERSONAL_LOAN,2023-02-03,2024-11-16,721,453599,208513,0,0,MEDIUM
CUST00304,ACC11069,PERSONAL_LOAN,2024-03-27,2025-05-11,546,19837,14643,0,0,VERY_HIGH
CUST00305,ACC13444,MORTGAGE,2024-08-21,2025-01-29,371,245207,115201,0,0,VERY_HIGH
CUST00306,ACC11060,CREDIT_CARD,2022-07-06,2022-08-24,484,455367,156500,30,0,VERY_HIGH
CUST00307,ACC12327,PERSONAL_LOAN,2022-03-02,2023-09-18,305,128128,54464,90,1,VERY_HIGH
CUST00308,ACC13420,CREDIT_CARD,2024-07-27,2025-04-09,505,177896,100699,0,0,VERY_HIGH
CUST00309,ACC10301,AUTO_LOAN,2023-12-11,2024-06-11,843,174145,101057,0,0,VERY_LOW
CUST00310,ACC10606,PERSONAL_LOAN,2024-03-17,2026-06-29,686,384795,317994,0,0,MEDIUM
CUST00311,ACC13170,CREDIT_CARD,2022-01-11,2024-02-21,375,107624,86112,30,0,VERY_HIGH
CUST00312,ACC10699,PERSONAL_LOAN,2024-12-21,2026-05-03,476,496864,280953,0,0,VERY_HIGH
CUST00313,ACC15088,AUTO_LOAN,2022-08-14,2024-12-12,648,429515,376484,0,0,HIGH
CUST00314,ACC19331,CREDIT_CARD,2023-07-18,2024-09-24,554,199933,58258,0,0,VERY_HIGH
CUST00315,ACC10190,AUTO_LOAN,2024-02-11,2024-09-29,607,40063,16196,0,0,HIGH
CUST00316,ACC10980,CREDIT_CARD,2024-06-03,2024-08-09,644,79453,68518,0,0,HIGH
CUST00317,ACC12975,PERSONAL_LOAN,2022-08-14,2024-10-23,426,264371,132818,60,0,VERY_HIGH
CUST00318,ACC16102,CREDIT_CARD,2024-04-04,2024-11-07,586,471688,464586,0,0,HIGH
CUST00319,ACC11184,PERSONAL_LOAN,2022-08-06,2022-10-31,895,112166,64271,30,0,VERY_LOW
CUST00320,ACC13327,CREDIT_CARD,2024-07-25,2024-09-12,786,24506,20426,0,0,LOW
CUST00321,ACC13394,AUTO_LOAN,2024-01-23,2024-11-20,682,235413,122849,0,0,MEDIUM
CUST00322,ACC18319,PERSONAL_LOAN,2023-05-21,2023-10-16,705,483070,260839,0,0,MEDIUM
CUST00323,ACC11816,PERSONAL_LOAN,2022-09-16,2024-05-20,687,123604,62581,60,0,MEDIUM
CUST00324,ACC15854,AUTO_LOAN,2022-02-23,2023-08-22,824,36026,27929,150,1,VERY_LOW
CUST00325,ACC16709,AUTO_LOAN,2024-12-06,2025-08-13,856,430888,274912,120,1,VERY_LOW
CUST00326,ACC10569,CREDIT_CARD,2023-12-28,2025-07-05,575,441633,421769,30,0,VERY_HIGH
CUST00327,ACC15442,CREDIT_CARD,2023-11-20,2025-05-17,799,324557,130053,0,0,LOW
CUST00328,ACC11895,MORTGAGE,2024-11-09,2026-12-06,636,265116,74351,90,1,HIGH
CUST00329,ACC12733,CREDIT_CARD,2023-02-23,2025-04-03,780,337210,173531,30,0,LOW
CUST00330,ACC13863,PERSONAL_LOAN,2023-11-21,2024-11-20,572,200285,138871,0,0,VERY_HIGH
CUST00331,ACC17455,MORTGAGE,2024-04-29,2026-04-26,357,60971,54181,90,1,VERY_HIGH
CUST00332,ACC14014,CREDIT_CARD,2022-03-03,2022-05-26,627,430497,205328,0,0,HIGH
CUST00333,ACC11686,PERSONAL_LOAN,2022-08-04,2024-01-15,408,123978,89639,0,0,VERY_HIGH
CUST00334,ACC13009,PERSONAL_LOAN,2022-01-03,2024-03-08,578,169163,81225,0,0,VERY_HIGH
CUST00335,ACC17806,PERSONAL_LOAN,2022-06-09,2023-12-26,627,322638,223838,0,0,HIGH
CUST00336,ACC10154,CREDIT_CARD,2024-02-20,2024-08-29,614,113864,103371,0,0,HIGH
CUST00337,ACC11409,CREDIT_CARD,2024-06-11,2026-05-11,773,421826,162439,0,0,LOW
CUST00338,ACC10784,PERSONAL_LOAN,2022-11-25,2024-08-09,410,404295,211605,0,0,VERY_HIGH
CUST00339,ACC18096,AUTO_LOAN,2023-08-03,2024-02-07,528,105386,104818,0,0,VERY_HIGH
CUST00340,ACC17560,AUTO_LOAN,2024-08-09,2025-03-14,796,449967,402651,30,0,LOW
CUST00341,ACC17343,PERSONAL_LOAN,2023-09-27,2023-12-25,455,96126,62646,60,0,VERY_HIGH
CUST00342,ACC17206,CREDIT_CARD,2024-09-14,2027-01-08,772,458648,281289,0,0,LOW
CUST00343,ACC15596,PERSONAL_LOAN,2024-07-09,2025-06-22,571,172023,73570,0,0,VERY_HIGH
CUST00344,ACC15801,CREDIT_CARD,2024-01-08,2024-09-04,301,90863,55768,0,0,VERY_HIGH
CUST00345,ACC12806,MORTGAGE,2022-06-19,2023-08-28,810,350435,307872,120,1,VERY_LOW
CUST00346,ACC10537,AUTO_LOAN,2023-06-05,2025-04-28,585,135659,101491,0,0,HIGH
CUST00347,ACC15986,PERSONAL_LOAN,2022-02-09,2022-06-27,312,200944,86814,0,0,VERY_HIGH
CUST00348,ACC11841,MORTGAGE,2024-08-12,2024-11-25,797,17235,6224,0,0,LOW
CUST00349,ACC18716,CREDIT_CARD,2024-09-10,2026-04-04,537,354877,146268,60,0,VERY_HIGH
CUST00350,ACC16971,PERSONAL_LOAN,2024-09-01,2025-08-10,393,72712,24417,0,0,VERY_HIGH
CUST00351,ACC15625,CREDIT_CARD,2022-02-07,2022-07-03,637,162545,44945,0,0,HIGH
CUST00352,ACC12950,MORTGAGE,2022-11-24,2025-05-09,470,208639,111686,0,0,VERY_HIGH
CUST00353,ACC17992,CREDIT_CARD,2024-07-02,2026-07-05,866,247890,72046,0,0,VERY_LOW
CUST00354,ACC14780,PERSONAL_LOAN,2023-03-30,2023-05-17,766,135849,45853,90,1,LOW
CUST00355,ACC12368,AUTO_LOAN,2022-02-06,2023-05-13,442,265493,169347,90,1,VERY_HIGH
CUST00356,ACC16655,CREDIT_CARD,2024-08-30,2026-08-14,500,89823,29792,30,0,VERY_HIGH
CUST00357,ACC18173,CREDIT_CARD,2024-03-06,2026-04-14,479,114215,28679,60,0,VERY_HIGH
CUST00358,ACC14495,AUTO_LOAN,2024-08-30,2025-09-13,663,251071,113963,0,0,HIGH
CUST00359,ACC19163,PERSONAL_LOAN,2023-08-16,2024-03-15,778,42230,15889,30,0,LOW
CUST00360,ACC16002,CREDIT_CARD,2024-11-29,2025-04-20,864,356717,218397,30,0,VERY_LOW
CUST00361,ACC16614,CREDIT_CARD,2022-08-12,2023-03-12,770,233660,65867,0,0,LOW
CUST00362,ACC19358,CREDIT_CARD,2022-11-14,2024-04-07,683,472092,378342,120,1,MEDIUM
CUST00363,ACC15919,AUTO_LOAN,2022-12-15,2023-06-08,716,312788,289324,0,0,MEDIUM
CUST00364,ACC10853,PERSONAL_LOAN,2022-04-25,2024-09-01,607,189736,150792,0,0,HIGH
CUST00365,ACC14146,CREDIT_CARD,2023-11-29,2025-09-16,666,317347,198742,30,0,HIGH
CUST00366,ACC13769,CREDIT_CARD,2024-11-29,2025-04-20,300,338821,301054,30,0,VERY_HIGH
CUST00367,ACC10574,CREDIT_CARD,2022-02-09,2024-04-11,343,428641,324024,30,0,VERY_HIGH
CUST00368,ACC11148,CREDIT_CARD,2022-08-04,2023-12-22,397,133246,27773,0,0,VERY_HIGH
CUST00369,ACC16293,CREDIT_CARD,2022-12-02,2025-02-01,564,94817,48856,90,1,VERY_HIGH
CUST00370,ACC16457,CREDIT_CARD,2022-04-02,2023-02-28,439,248657,219007,0,0,VERY_HIGH
CUST00371,ACC17509,CREDIT_CARD,2022-12-19,2025-04-21,780,227033,108223,0,0,LOW
CUST00372,ACC19907,PERSONAL_LOAN,2023-07-25,2023-12-19,536,241414,55083,180,1,VERY_HIGH
CUST00373,ACC14777,CREDIT_CARD,2024-03-26,2026-07-16,371,266812,212634,60,0,VERY_HIGH
CUST00374,ACC13854,PERSONAL_LOAN,2024-02-20,2024-08-28,489,341950,287795,0,0,VERY_HIGH
CUST00375,ACC12491,PERSONAL_LOAN,2022-12-29,2024-03-03,567,314958,103455,60,0,VERY_HIGH
CUST00376,ACC13124,PERSONAL_LOAN,2023-07-11,2024-02-23,620,80219,50527,0,0,HIGH
CUST00377,ACC15691,PERSONAL_LOAN,2022-12-22,2023-10-07,406,452862,160115,0,0,VERY_HIGH
CUST00378,ACC13051,PERSONAL_LOAN,2022-07-10,2024-05-29,531,180956,140311,0,0,VERY_HIGH
CUST00379,ACC10004,AUTO_LOAN,2023-02-26,2025-04-17,341,367489,153331,180,1,VERY_HIGH
CUST00380,ACC15222,PERSONAL_LOAN,2023-12-01,2024-02-15,438,267134,121004,0,0,VERY_HIGH
CUST00381,ACC15315,PERSONAL_LOAN,2022-01-07,2023-03-11,572,372232,326066,30,0,VERY_HIGH
CUST00382,ACC14869,AUTO_LOAN,2022-05-13,2024-05-21,780,341466,198411,0,0,LOW
CUST00383,ACC10876,PERSONAL_LOAN,2023-07-11,2025-02-18,715,31650,23288,60,0,MEDIUM
CUST00384,ACC19183,CREDIT_CARD,2024-04-05,2024-07-21,805,366386,191216,0,0,VERY_LOW
CUST00385,ACC17027,CREDIT_CARD,2024-01-31,2024-07-02,723,412406,180801,30,0,MEDIUM
CUST00386,ACC14142,CREDIT_CARD,2024-11-20,2025-03-04,706,310340,217356,0,0,MEDIUM
CUST00387,ACC16966,AUTO_LOAN,2023-06-19,2023-12-02,867,180521,58468,60,0,VERY_LOW
CUST00388,ACC17079,PERSONAL_LOAN,2023-03-02,2024-11-22,689,180733,90077,180,1,MEDIUM
CUST00389,ACC17987,MORTGAGE,2023-11-03,2025-01-05,641,301853,110849,30,0,HIGH
CUST00390,ACC16799,PERSONAL_LOAN,2022-12-29,2025-05-13,792,252037,190700,0,0,LOW
CUST00391,ACC14465,PERSONAL_LOAN,2022-03-23,2023-09-08,491,90428,86391,120,1,VERY_HIGH
CUST00392,ACC10635,CREDIT_CARD,2022-12-22,2024-06-03,798,216251,215474,0,0,LOW
CUST00393,ACC11693,PERSONAL_LOAN,2023-08-12,2025-04-05,532,19943,11172,60,0,VERY_HIGH
CUST00394,ACC19874,PERSONAL_LOAN,2022-10-22,2023-04-07,526,184312,74097,120,1,VERY_HIGH
CUST00395,ACC14752,MORTGAGE,2024-12-05,2025-02-22,670,448976,248851,0,0,MEDIUM
CUST00396,ACC18311,CREDIT_CARD,2022-01-17,2024-03-27,438,31042,27249,0,0,VERY_HIGH
CUST00397,ACC10830,PERSONAL_LOAN,2022-12-26,2024-10-04,448,262842,95885,0,0,VERY_HIGH
CUST00398,ACC15177,PERSONAL_LOAN,2024-05-15,2026-02-28,414,316038,303926,30,0,VERY_HIGH
CUST00399,ACC19561,PERSONAL_LOAN,2023-12-01,2026-05-10,749,410085,194172,30,0,LOW
CUST00400,ACC18932,PERSONAL_LOAN,2023-03-24,2024-01-01,362,464294,459020,0,0,VERY_HIGH
CUST00401,ACC18308,AUTO_LOAN,2024-05-05,2026-02-23,403,328903,286437,0,0,VERY_HIGH
CUST00402,ACC15949,CREDIT_CARD,2022-12-31,2025-01-08,572,378117,320210,0,0,VERY_HIGH
CUST00403,ACC12838,PERSONAL_LOAN,2023-11-06,2026-04-02,305,316450,143770,0,0,VERY_HIGH
CUST00404,ACC11150,PERSONAL_LOAN,2024-10-04,2026-05-19,446,380513,78774,0,0,VERY_HIGH
CUST00405,ACC17560,AUTO_LOAN,2023-04-12,2025-06-06,483,196443,99342,120,1,VERY_HIGH
CUST00406,ACC11931,AUTO_LOAN,2023-02-18,2024-05-18,327,161990,71510,0,0,VERY_HIGH
CUST00407,ACC19204,CREDIT_CARD,2023-08-09,2025-03-07,849,300523,69095,120,1,VERY_LOW
CUST00408,ACC11664,CREDIT_CARD,2024-09-20,2025-08-17,418,392811,237372,30,0,VERY_HIGH
CUST00409,ACC11081,MORTGAGE,2023-07-26,2025-03-27,592,494026,258091,0,0,HIGH
CUST00410,ACC10512,PERSONAL_LOAN,2022-12-01,2023-12-14,670,224304,158727,60,0,MEDIUM
CUST00411,ACC17805,MORTGAGE,2022-02-06,2024-06-16,543,406178,283085,0,0,VERY_HIGH
CUST00412,ACC15237,CREDIT_CARD,2024-09-15,2024-12-02,879,154923,45949,0,0,VERY_LOW
CUST00413,ACC10559,PERSONAL_LOAN,2022-10-05,2023-01-16,517,389770,382587,0,0,VERY_HIGH
CUST00414,ACC13672,AUTO_LOAN,2024-07-04,2026-07-07,476,448963,156932,0,0,VERY_HIGH
CUST00415,ACC17404,MORTGAGE,2023-04-29,2024-02-13,598,397324,220999,0,0,HIGH
CUST00416,ACC13343,CREDIT_CARD,2024-01-01,2025-01-20,357,324493,191611,0,0,VERY_HIGH
CUST00417,ACC14070,PERSONAL_LOAN,2022-07-11,2024-03-13,568,211904,180213,0,0,VERY_HIGH
CUST00418,ACC19662,PERSONAL_LOAN,2024-11-06,2026-07-30,607,197428,55158,0,0,HIGH
CUST00419,ACC10580,CREDIT_CARD,2023-06-08,2024-03-23,869,155817,84595,0,0,VERY_LOW
CUST00420,ACC17004,PERSONAL_LOAN,2024-07-06,2026-05-04,587,15730,11055,0,0,HIGH
CUST00421,ACC18130,PERSONAL_LOAN,2023-02-05,2025-03-18,404,417137,155226,0,0,VERY_HIGH
CUST00422,ACC13147,MORTGAGE,2024-06-04,2025-04-24,527,239502,168124,0,0,VERY_HIGH
CUST00423,ACC14249,PERSONAL_LOAN,2023-12-06,2025-10-06,546,212210,199250,180,1,VERY_HIGH
CUST00424,ACC11679,CREDIT_CARD,2022-01-22,2024-04-22,793,224183,223737,0,0,LOW
CUST00425,ACC13506,CREDIT_CARD,2023-04-19,2024-03-26,382,29023,6558,30,0,VERY_HIGH
CUST00426,ACC17253,CREDIT_CARD,2022-07-29,2024-04-30,485,448565,174254,0,0,VERY_HIGH
CUST00427,ACC12744,CREDIT_CARD,2022-11-02,2025-03-18,551,136796,61318,120,1,VERY_HIGH
CUST00428,ACC19435,AUTO_LOAN,2023-12-05,2026-03-22,654,353677,183664,0,0,HIGH
CUST00429,ACC15188,CREDIT_CARD,2023-11-18,2024-06-16,509,355430,139970,150,1,VERY_HIGH
CUST00430,ACC12141,MORTGAGE,2022-10-12,2024-09-26,746,314123,113960,30,0,LOW
CUST00431,ACC16617,MORTGAGE,2023-12-17,2026-04-22,759,294981,284256,0,0,LOW
CUST00432,ACC12479,PERSONAL_LOAN,2024-02-02,2025-03-01,771,418213,390952,120,1,LOW
CUST00433,ACC16484,MORTGAGE,2024-08-05,2025-03-10,669,377119,89601,0,0,HIGH
CUST00434,ACC19827,AUTO_LOAN,2023-01-16,2024-09-05,791,491819,231671,0,0,LOW
CUST00435,ACC17421,PERSONAL_LOAN,2023-04-05,2024-10-28,436,186111,97544,60,0,VERY_HIGH
CUST00436,ACC19949,CREDIT_CARD,2024-10-27,2026-07-14,666,30923,12097,120,1,HIGH
CUST00437,ACC14452,PERSONAL_LOAN,2022-01-29,2023-12-23,483,281020,197584,0,0,VERY_HIGH
CUST00438,ACC15881,PERSONAL_LOAN,2024-06-25,2026-01-23,887,333117,237280,0,0,VERY_LOW
CUST00439,ACC16665,AUTO_LOAN,2024-11-22,2026-12-16,586,406103,357534,60,0,HIGH
CUST00440,ACC12849,PERSONAL_LOAN,2024-05-28,2025-08-08,771,204795,162340,30,0,LOW
CUST00441,ACC17390,AUTO_LOAN,2022-03-20,2023-12-27,674,314566,199453,120,1,MEDIUM
CUST00442,ACC16905,PERSONAL_LOAN,2024-08-04,2025-10-21,836,243462,175991,30,0,VERY_LOW
CUST00443,ACC12489,CREDIT_CARD,2023-04-04,2024-04-09,810,61413,25743,0,0,VERY_LOW
CUST00444,ACC19823,MORTGAGE,2023-07-24,2024-03-29,878,374628,252665,120,1,VERY_LOW
CUST00445,ACC19207,PERSONAL_LOAN,2024-01-08,2024-07-18,549,406057,240134,0,0,VERY_HIGH
CUST00446,ACC19540,CREDIT_CARD,2023-05-31,2024-02-04,809,265719,81489,0,0,VERY_LOW
CUST00447,ACC14611,PERSONAL_LOAN,2023-02-01,2023-11-27,372,38756,15271,0,0,VERY_HIGH
CUST00448,ACC12839,CREDIT_CARD,2022-02-08,2023-12-01,581,343720,148952,30,0,HIGH
CUST00449,ACC18527,PERSONAL_LOAN,2024-06-05,2026-10-30,659,128248,120482,0,0,HIGH
CUST00450,ACC15878,PERSONAL_LOAN,2024-03-07,2025-05-10,309,282448,108547,60,0,VERY_HIGH
CUST00451,ACC19087,CREDIT_CARD,2022-06-06,2023-01-03,510,40341,17402,0,0,VERY_HIGH
CUST00452,ACC16303,MORTGAGE,2024-06-02,2026-03-11,451,407974,202144,0,0,VERY_HIGH
CUST00453,ACC10851,PERSONAL_LOAN,2024-08-31,2026-09-28,304,420226,307182,90,1,VERY_HIGH
CUST00454,ACC11687,CREDIT_CARD,2024-11-11,2025-07-03,494,137039,40370,0,0,VERY_HIGH
CUST00455,ACC16833,PERSONAL_LOAN,2024-04-28,2025-12-30,582,201830,194393,0,0,HIGH
CUST00456,ACC12427,MORTGAGE,2024-01-18,2025-08-25,763,172730,154154,0,0,LOW
CUST00457,ACC19760,CREDIT_CARD,2024-09-15,2027-02-02,412,190074,125785,150,1,VERY_HIGH
CUST00458,ACC14000,CREDIT_CARD,2022-01-21,2024-05-12,570,244390,180660,0,0,VERY_HIGH
CUST00459,ACC15052,CREDIT_CARD,2022-10-30,2023-07-14,462,142447,30387,0,0,VERY_HIGH
CUST00460,ACC12738,CREDIT_CARD,2024-05-18,2026-05-13,759,109485,51584,0,0,LOW
CUST00461,ACC15732,AUTO_LOAN,2022-03-25,2024-01-02,404,294236,246136,0,0,VERY_HIGH
CUST00462,ACC15387,PERSONAL_LOAN,2023-07-24,2025-04-09,855,141562,37087,0,0,VERY_LOW
CUST00463,ACC18002,CREDIT_CARD,2024-07-22,2026-12-18,581,13729,5846,0,0,HIGH
CUST00464,ACC15536,PERSONAL_LOAN,2024-10-05,2025-07-11,461,147046,98261,0,0,VERY_HIGH
CUST00465,ACC13913,CREDIT_CARD,2024-03-03,2025-06-16,650,128222,51946,150,1,HIGH
CUST00466,ACC11066,MORTGAGE,2024-03-02,2025-09-15,733,357360,338485,0,0,MEDIUM
CUST00467,ACC17723,MORTGAGE,2023-05-07,2023-12-18,439,93860,28612,0,0,VERY_HIGH
CUST00468,ACC14380,CREDIT_CARD,2022-07-27,2024-07-15,770,268360,224862,0,0,LOW
CUST00469,ACC14107,AUTO_LOAN,2024-12-19,2026-06-20,431,369014,223754,0,0,VERY_HIGH
CUST00470,ACC15726,AUTO_LOAN,2023-03-06,2023-06-13,386,31398,25126,30,0,VERY_HIGH
CUST00471,ACC13373,CREDIT_CARD,2024-09-11,2026-07-11,482,306794,137619,0,0,VERY_HIGH
CUST00472,ACC18945,CREDIT_CARD,2023-06-04,2024-08-05,667,424508,259625,0,0,HIGH
CUST00473,ACC12082,PERSONAL_LOAN,2023-08-14,2025-07-15,428,113889,100845,60,0,VERY_HIGH
CUST00474,ACC18967,AUTO_LOAN,2024-11-16,2027-01-14,545,275303,157886,0,0,VERY_HIGH
CUST00475,ACC16748,MORTGAGE,2022-07-18,2023-03-07,900,370306,180626,0,0,VERY_LOW
CUST00476,ACC19817,AUTO_LOAN,2023-01-22,2023-07-18,877,465982,293067,0,0,VERY_LOW
CUST00477,ACC10417,AUTO_LOAN,2022-12-15,2024-04-29,677,235959,182606,0,0,MEDIUM
CUST00478,ACC18306,PERSONAL_LOAN,2024-08-17,2026-07-02,448,112834,62606,0,0,VERY_HIGH
CUST00479,ACC18808,AUTO_LOAN,2023-11-24,2024-07-09,732,420281,399729,0,0,MEDIUM
CUST00480,ACC13974,AUTO_LOAN,2023-01-13,2024-04-12,768,31638,13792,30,0,LOW
CUST00481,ACC13267,CREDIT_CARD,2024-06-17,2026-05-13,745,273217,158567,120,1,LOW
CUST00482,ACC10825,PERSONAL_LOAN,2024-07-04,2025-12-07,780,449727,362274,0,0,LOW
CUST00483,ACC17668,AUTO_LOAN,2023-06-11,2023-11-29,593,225379,169326,0,0,HIGH
CUST00484,ACC15745,CREDIT_CARD,2024-01-04,2024-12-11,442,242069,215662,0,0,VERY_HIGH
CUST00485,ACC19708,AUTO_LOAN,2022-07-25,2023-02-04,549,39320,39219,0,0,VERY_HIGH
CUST00486,ACC10412,CREDIT_CARD,2023-03-31,2024-03-08,601,473092,256173,0,0,HIGH
CUST00487,ACC17543,PERSONAL_LOAN,2023-06-05,2023-07-25,324,44924,12979,120,1,VERY_HIGH
CUST00488,ACC17587,AUTO_LOAN,2024-10-13,2025-02-01,369,222792,49979,30,0,VERY_HIGH
CUST00489,ACC10728,CREDIT_CARD,2024-08-13,2026-04-15,411,443950,346947,180,1,VERY_HIGH
CUST00490,ACC17164,CREDIT_CARD,2023-12-27,2024-06-04,663,340260,305965,120,1,HIGH
CUST00491,ACC18867,CREDIT_CARD,2024-10-10,2026-06-30,602,181097,68195,0,0,HIGH
CUST00492,ACC15988,AUTO_LOAN,2023-05-16,2025-06-13,770,497719,162633,0,0,LOW
CUST00493,ACC12504,CREDIT_CARD,2022-04-27,2023-03-27,390,12159,3036,0,0,VERY_HIGH
CUST00494,ACC12967,MORTGAGE,2023-01-21,2024-02-25,829,58940,50580,0,0,VERY_LOW
CUST00495,ACC12786,CREDIT_CARD,2023-08-07,2026-01-09,491,89436,40166,120,1,VERY_HIGH
CUST00496,ACC11122,MORTGAGE,2023-01-30,2025-06-30,851,480192,250351,0,0,VERY_LOW
CUST00497,ACC14079,MORTGAGE,2024-12-23,2026-02-09,541,24678,14861,90,1,VERY_HIGH
CUST00498,ACC11571,PERSONAL_LOAN,2023-12-22,2025-04-09,437,202147,176183,0,0,VERY_HIGH
CUST00499,ACC15073,PERSONAL_LOAN,2022-03-13,2023-06-10,644,450420,324602,120,1,HIGH
CUST00500,ACC15104,PERSONAL_LOAN,2022-10-01,2023-04-09,479,415237,287365,150,1,VERY_HIGH
CUST00501,ACC12143,PERSONAL_LOAN,2022-12-04,2023-06-29,802,147844,50346,30,0,VERY_LOW
CUST00502,ACC19879,CREDIT_CARD,2023-08-30,2025-06-18,502,77163,47112,30,0,VERY_HIGH
CUST00503,ACC16806,CREDIT_CARD,2022-06-15,2024-06-21,872,251040,193879,0,0,VERY_LOW
CUST00504,ACC17357,CREDIT_CARD,2022-01-11,2023-06-14,491,214827,210231,90,1,VERY_HIGH
CUST00505,ACC13440,CREDIT_CARD,2023-12-30,2024-12-20,304,164536,59418,150,1,VERY_HIGH
CUST00506,ACC13766,CREDIT_CARD,2024-03-11,2025-11-28,536,61137,12694,60,0,VERY_HIGH
CUST00507,ACC15644,PERSONAL_LOAN,2022-04-12,2023-02-24,610,433448,112801,30,0,HIGH
CUST00508,ACC12914,MORTGAGE,2024-02-18,2025-11-01,848,333641,167048,30,0,VERY_LOW
CUST00509,ACC14968,CREDIT_CARD,2022-08-02,2024-06-25,355,477240,408725,90,1,VERY_HIGH
CUST00510,ACC15917,PERSONAL_LOAN,2023-02-05,2024-09-29,742,110485,22728,0,0,LOW
CUST00511,ACC18787,CREDIT_CARD,2023-08-11,2025-04-04,536,250970,141894,90,1,VERY_HIGH
CUST00512,ACC10728,AUTO_LOAN,2024-06-07,2025-06-25,496,454664,210684,0,0,VERY_HIGH
CUST00513,ACC11365,MORTGAGE,2024-12-05,2025-01-31,884,115468,27941,0,0,VERY_LOW
CUST00514,ACC14492,AUTO_LOAN,2023-08-15,2023-10-26,870,487733,273222,0,0,VERY_LOW
CUST00515,ACC10698,MORTGAGE,2022-04-02,2024-03-12,813,10901,4401,0,0,VERY_LOW
CUST00516,ACC17186,CREDIT_CARD,2023-11-04,2025-01-29,748,97980,47178,0,0,LOW
CUST00517,ACC10395,AUTO_LOAN,2023-12-15,2025-09-02,659,379738,290306,0,0,HIGH
CUST00518,ACC17400,AUTO_LOAN,2024-07-24,2025-02-15,329,486813,300480,0,0,VERY_HIGH
CUST00519,ACC18082,CREDIT_CARD,2022-08-30,2024-03-10,407,275025,82429,0,0,VERY_HIGH
CUST00520,ACC14171,MORTGAGE,2022-01-02,2023-10-03,744,302007,292684,0,0,LOW
CUST00521,ACC14360,CREDIT_CARD,2022-08-13,2024-01-18,737,252434,178907,60,0,MEDIUM
CUST00522,ACC12502,PERSONAL_LOAN,2024-03-11,2024-10-24,756,408838,332260,150,1,LOW
CUST00523,ACC10717,CREDIT_CARD,2023-08-12,2025-05-12,794,404594,106558,60,0,LOW
CUST00524,ACC12782,CREDIT_CARD,2022-04-26,2023-12-23,546,486384,115587,180,1,VERY_HIGH
CUST00525,ACC14946,PERSONAL_LOAN,2024-07-06,2026-11-24,842,497063,107146,30,0,VERY_LOW
CUST00526,ACC15486,PERSONAL_LOAN,2022-07-13,2024-12-11,863,212258,74510,0,0,VERY_LOW
CUST00527,ACC18335,CREDIT_CARD,2024-05-20,2025-11-17,887,317345,168677,30,0,VERY_LOW
CUST00528,ACC14980,CREDIT_CARD,2022-03-31,2023-09-25,738,261839,248396,60,0,MEDIUM
CUST00529,ACC17266,AUTO_LOAN,2022-05-02,2022-06-22,577,331395,187452,0,0,VERY_HIGH
CUST00530,ACC14491,CREDIT_CARD,2022-05-23,2022-10-11,851,82572,35687,0,0,VERY_LOW
CUST00531,ACC17192,CREDIT_CARD,2024-09-20,2024-12-15,410,49255,31993,60,0,VERY_HIGH
CUST00532,ACC15588,MORTGAGE,2022-04-16,2022-07-20,684,73212,21198,0,0,MEDIUM
CUST00533,ACC17651,AUTO_LOAN,2024-06-05,2026-10-24,490,322354,221652,30,0,VERY_HIGH
CUST00534,ACC13636,CREDIT_CARD,2023-03-04,2023-07-09,789,397773,260440,0,0,LOW
CUST00535,ACC11167,AUTO_LOAN,2022-11-13,2023-05-05,725,32499,27090,30,0,MEDIUM
CUST00536,ACC11062,AUTO_LOAN,2023-09-27,2025-01-03,704,112552,111353,0,0,MEDIUM
CUST00537,ACC12156,AUTO_LOAN,2022-01-09,2023-11-06,634,454844,182255,0,0,HIGH
CUST00538,ACC17860,PERSONAL_LOAN,2024-02-13,2026-01-21,508,71360,43367,0,0,VERY_HIGH
CUST00539,ACC15161,CREDIT_CARD,2022-08-11,2022-12-04,321,407819,378085,30,0,VERY_HIGH
CUST00540,ACC15305,CREDIT_CARD,2023-07-07,2025-03-15,507,496525,411198,90,1,VERY_HIGH
CUST00541,ACC16541,CREDIT_CARD,2023-12-17,2024-12-24,307,399610,235739,120,1,VERY_HIGH
CUST00542,ACC14729,PERSONAL_LOAN,2022-04-21,2023-03-10,828,357617,341988,0,0,VERY_LOW
CUST00543,ACC19348,CREDIT_CARD,2022-09-08,2024-04-30,465,153704,37778,60,0,VERY_HIGH
CUST00544,ACC17330,PERSONAL_LOAN,2023-01-18,2024-11-27,795,171679,162202,0,0,LOW
CUST00545,ACC15334,CREDIT_CARD,2022-01-07,2023-10-09,889,101873,24490,0,0,VERY_LOW
CUST00546,ACC18924,CREDIT_CARD,2023-04-04,2025-04-06,728,75756,48320,0,0,MEDIUM
CUST00547,ACC14330,AUTO_LOAN,2022-07-27,2023-04-25,462,450210,410750,30,0,VERY_HIGH
CUST00548,ACC18010,PERSONAL_LOAN,2024-06-18,2026-10-26,665,204454,83862,0,0,HIGH
CUST00549,ACC16801,CREDIT_CARD,2022-01-22,2023-09-04,825,473570,273628,0,0,VERY_LOW
CUST00550,ACC14846,AUTO_LOAN,2023-02-14,2023-04-16,538,328488,150928,30,0,VERY_HIGH
CUST00551,ACC16731,CREDIT_CARD,2024-06-13,2025-08-07,371,456991,439495,60,0,VERY_HIGH
CUST00552,ACC17241,PERSONAL_LOAN,2023-05-30,2024-03-31,744,410565,352641,0,0,LOW
CUST00553,ACC10953,AUTO_LOAN,2024-03-19,2025-10-01,808,343298,263378,0,0,VERY_LOW
CUST00554,ACC12539,CREDIT_CARD,2024-05-23,2024-11-22,568,37464,25104,0,0,VERY_HIGH
CUST00555,ACC17056,AUTO_LOAN,2022-01-14,2023-03-02,714,445840,381850,0,0,MEDIUM
CUST00556,ACC11542,PERSONAL_LOAN,2024-08-28,2024-12-03,544,131897,67770,30,0,VERY_HIGH
CUST00557,ACC15293,PERSONAL_LOAN,2024-09-04,2025-05-05,359,309488,172707,0,0,VERY_HIGH
CUST00558,ACC11191,CREDIT_CARD,2024-10-10,2026-08-25,305,93791,73532,30,0,VERY_HIGH
CUST00559,ACC16313,CREDIT_CARD,2024-11-01,2025-12-11,869,165371,80404,90,1,VERY_LOW
CUST00560,ACC16938,MORTGAGE,2022-03-28,2024-05-09,706,189047,47473,0,0,MEDIUM
CUST00561,ACC12681,CREDIT_CARD,2024-06-27,2025-02-24,516,142534,36982,150,1,VERY_HIGH
CUST00562,ACC19409,PERSONAL_LOAN,2022-05-02,2022-08-18,325,392353,114680,0,0,VERY_HIGH
CUST00563,ACC11540,PERSONAL_LOAN,2024-01-20,2026-02-13,304,91441,81907,0,0,VERY_HIGH
CUST00564,ACC16172,PERSONAL_LOAN,2023-11-16,2025-09-03,831,362600,209503,0,0,VERY_LOW
CUST00565,ACC15541,CREDIT_CARD,2022-11-05,2024-07-30,689,353932,272635,0,0,MEDIUM
CUST00566,ACC19580,CREDIT_CARD,2023-11-26,2026-02-14,870,247612,127353,0,0,VERY_LOW
CUST00567,ACC11365,PERSONAL_LOAN,2022-10-15,2023-11-29,747,443797,180611,0,0,LOW
CUST00568,ACC18691,CREDIT_CARD,2022-11-03,2024-10-12,445,241444,115350,60,0,VERY_HIGH
CUST00569,ACC19872,CREDIT_CARD,2024-07-02,2024-09-27,687,474505,396375,120,1,MEDIUM
CUST00570,ACC18702,CREDIT_CARD,2023-10-24,2026-01-26,548,286319,200472,30,0,VERY_HIGH
CUST00571,ACC17494,CREDIT_CARD,2023-07-03,2023-08-27,825,147263,139916,0,0,VERY_LOW
CUST00572,ACC14312,AUTO_LOAN,2022-11-08,2024-02-27,761,355578,264466,30,0,LOW
CUST00573,ACC11324,CREDIT_CARD,2024-05-22,2024-08-25,312,94518,62017,30,0,VERY_HIGH
CUST00574,ACC19347,CREDIT_CARD,2024-12-18,2027-02-15,683,221230,152240,90,1,MEDIUM
CUST00575,ACC13141,CREDIT_CARD,2024-07-12,2025-04-21,855,338681,323066,90,1,VERY_LOW
CUST00576,ACC17419,PERSONAL_LOAN,2024-01-25,2024-04-07,698,387865,322145,90,1,MEDIUM
CUST00577,ACC13486,PERSONAL_LOAN,2022-02-04,2022-06-10,318,57645,12637,0,0,VERY_HIGH
CUST00578,ACC11810,CREDIT_CARD,2023-03-21,2024-10-24,874,249608,156582,30,0,VERY_LOW
CUST00579,ACC16588,AUTO_LOAN,2022-04-03,2022-12-15,790,33283,24984,0,0,LOW
CUST00580,ACC12923,PERSONAL_LOAN,2022-12-19,2025-03-01,718,359115,286918,180,1,MEDIUM
CUST00581,ACC15301,AUTO_LOAN,2024-06-21,2026-05-30,636,364903,135201,0,0,HIGH
CUST00582,ACC14186,AUTO_LOAN,2024-05-11,2025-08-19,718,200195,178922,0,0,MEDIUM
CUST00583,ACC18905,CREDIT_CARD,2022-06-08,2024-09-05,421,112780,108795,0,0,VERY_HIGH
CUST00584,ACC15977,CREDIT_CARD,2024-08-14,2026-05-06,731,433240,168691,60,0,MEDIUM
CUST00585,ACC14268,CREDIT_CARD,2022-01-24,2023-03-08,343,452846,410320,0,0,VERY_HIGH
CUST00586,ACC14748,CREDIT_CARD,2023-02-08,2023-09-03,616,302878,84073,0,0,HIGH
CUST00587,ACC14849,MORTGAGE,2024-03-15,2025-06-14,680,10515,2571,150,1,MEDIUM
CUST00588,ACC19435,CREDIT_CARD,2023-05-31,2025-06-07,444,382926,116171,120,1,VERY_HIGH
CUST00589,ACC13709,CREDIT_CARD,2024-01-02,2024-12-03,626,338871,83427,0,0,HIGH
CUST00590,ACC19273,AUTO_LOAN,2023-06-16,2025-09-01,662,238872,209254,0,0,HIGH
CUST00591,ACC16619,PERSONAL_LOAN,2024-08-13,2026-01-28,349,381308,94274,90,1,VERY_HIGH
CUST00592,ACC18647,CREDIT_CARD,2022-06-01,2023-03-25,364,318360,132861,120,1,VERY_HIGH
CUST00593,ACC19086,CREDIT_CARD,2024-08-04,2026-04-11,654,343977,97347,0,0,HIGH
CUST00594,ACC19576,CREDIT_CARD,2023-08-31,2023-10-07,463,68755,30000,30,0,VERY_HIGH
CUST00595,ACC13072,AUTO_LOAN,2023-02-24,2024-08-14,440,37856,10313,0,0,VERY_HIGH
CUST00596,ACC16530,CREDIT_CARD,2024-05-15,2025-10-02,427,83870,61594,90,1,VERY_HIGH
CUST00597,ACC10504,CREDIT_CARD,2023-08-01,2024-06-22,697,427378,131060,30,0,MEDIUM
CUST00598,ACC11214,PERSONAL_LOAN,2022-12-01,2023-06-12,762,147080,129647,0,0,LOW
CUST00599,ACC11531,CREDIT_CARD,2024-07-20,2025-12-16,486,280131,239162,0,0,VERY_HIGH
CUST00600,ACC17576,PERSONAL_LOAN,2022-10-22,2024-07-09,489,465748,98239,120,1,VERY_HIGH
CUST00601,ACC10823,PERSONAL_LOAN,2024-01-25,2024-05-05,687,106502,97617,30,0,MEDIUM
CUST00602,ACC10928,CREDIT_CARD,2022-07-05,2024-02-21,728,406548,90723,0,0,MEDIUM
CUST00603,ACC15029,MORTGAGE,2023-09-29,2025-05-09,583,76323,29896,30,0,HIGH
CUST00604,ACC10133,PERSONAL_LOAN,2023-06-14,2024-03-07,536,442206,99899,30,0,VERY_HIGH
CUST00605,ACC12105,CREDIT_CARD,2022-01-21,2022-06-03,493,282017,132174,0,0,VERY_HIGH
CUST00606,ACC13627,PERSONAL_LOAN,2024-06-29,2025-02-23,586,223614,136648,60,0,HIGH
CUST00607,ACC16316,AUTO_LOAN,2024-05-16,2025-12-20,435,488977,409428,30,0,VERY_HIGH
CUST00608,ACC11852,PERSONAL_LOAN,2024-03-04,2026-07-09,470,177516,83500,150,1,VERY_HIGH
CUST00609,ACC14910,CREDIT_CARD,2022-04-10,2023-08-20,458,438556,335228,0,0,VERY_HIGH
CUST00610,ACC14175,MORTGAGE,2024-01-22,2025-05-19,500,115219,40327,0,0,VERY_HIGH
CUST00611,ACC15348,CREDIT_CARD,2023-04-23,2024-02-14,786,15033,12033,0,0,LOW
CUST00612,ACC19442,CREDIT_CARD,2024-07-28,2025-09-16,856,345468,134317,30,0,VERY_LOW
CUST00613,ACC16190,CREDIT_CARD,2023-06-10,2025-08-22,882,287833,90620,30,0,VERY_LOW
CUST00614,ACC11256,CREDIT_CARD,2022-11-30,2025-04-25,803,119756,41714,120,1,VERY_LOW
CUST00615,ACC13376,AUTO_LOAN,2022-01-02,2023-02-22,670,490350,169489,60,0,MEDIUM
CUST00616,ACC15645,CREDIT_CARD,2023-01-10,2023-10-25,402,498455,304202,0,0,VERY_HIGH
CUST00617,ACC13486,CREDIT_CARD,2022-10-20,2023-08-28,424,272210,238411,180,1,VERY_HIGH
CUST00618,ACC13584,AUTO_LOAN,2024-04-16,2026-01-31,612,124159,32738,0,0,HIGH
CUST00619,ACC19588,CREDIT_CARD,2024-10-01,2024-12-09,757,186318,142638,90,1,LOW
CUST00620,ACC18053,CREDIT_CARD,2023-07-07,2024-12-03,529,17533,12684,0,0,VERY_HIGH
CUST00621,ACC13330,CREDIT_CARD,2022-11-14,2023-07-21,496,483855,434509,30,0,VERY_HIGH
CUST00622,ACC12703,CREDIT_CARD,2023-01-16,2023-06-23,722,211224,83500,60,0,MEDIUM
CUST00623,ACC18662,CREDIT_CARD,2022-01-14,2023-07-17,871,252653,141507,30,0,VERY_LOW
CUST00624,ACC18120,PERSONAL_LOAN,2023-05-19,2025-02-19,470,387972,364950,0,0,VERY_HIGH
CUST00625,ACC17114,CREDIT_CARD,2022-08-19,2024-08-05,681,331802,241550,0,0,MEDIUM
CUST00626,ACC11353,CREDIT_CARD,2022-05-10,2024-02-17,472,310642,158742,30,0,VERY_HIGH
CUST00627,ACC15063,AUTO_LOAN,2024-04-17,2026-01-19,752,119028,36319,90,1,LOW
CUST00628,ACC18549,PERSONAL_LOAN,2024-06-09,2025-03-25,649,283916,116402,0,0,HIGH
CUST00629,ACC17575,CREDIT_CARD,2022-01-28,2023-02-27,793,361529,240406,120,1,LOW
CUST00630,ACC10667,PERSONAL_LOAN,2022-03-07,2024-05-02,303,452252,350284,0,0,VERY_HIGH
CUST00631,ACC14468,CREDIT_CARD,2022-09-18,2024-12-12,392,461747,138310,0,0,VERY_HIGH
CUST00632,ACC19337,PERSONAL_LOAN,2023-04-05,2024-10-29,305,260231,176873,60,0,VERY_HIGH
CUST00633,ACC16819,PERSONAL_LOAN,2022-10-28,2024-09-05,587,22940,14688,30,0,HIGH
CUST00634,ACC13719,CREDIT_CARD,2024-07-07,2026-01-11,445,390171,238458,150,1,VERY_HIGH
CUST00635,ACC12745,MORTGAGE,2022-10-14,2025-02-03,723,26932,20255,30,0,MEDIUM
CUST00636,ACC17483,CREDIT_CARD,2024-10-30,2024-12-14,756,236377,205638,0,0,LOW
CUST00637,ACC10539,AUTO_LOAN,2023-09-22,2024-02-27,501,460043,210879,0,0,VERY_HIGH
CUST00638,ACC14964,CREDIT_CARD,2022-09-27,2024-05-23,511,464647,423390,0,0,VERY_HIGH
CUST00639,ACC14835,AUTO_LOAN,2023-08-15,2023-12-31,305,34648,11382,0,0,VERY_HIGH
CUST00640,ACC13775,PERSONAL_LOAN,2024-04-23,2025-11-06,675,42966,14540,60,0,MEDIUM
CUST00641,ACC16042,AUTO_LOAN,2024-05-11,2026-04-10,746,430993,178180,0,0,LOW
CUST00642,ACC17102,CREDIT_CARD,2022-05-13,2023-03-07,405,265733,78557,0,0,VERY_HIGH
CUST00643,ACC17312,PERSONAL_LOAN,2024-08-29,2025-03-08,700,173639,66721,0,0,MEDIUM
CUST00644,ACC15320,PERSONAL_LOAN,2023-05-28,2024-03-12,395,256331,73087,0,0,VERY_HIGH
CUST00645,ACC16132,PERSONAL_LOAN,2022-11-09,2023-03-20,687,420390,360443,0,0,MEDIUM
CUST00646,ACC17891,PERSONAL_LOAN,2023-07-30,2025-01-15,751,52598,16367,120,1,LOW
CUST00647,ACC12779,PERSONAL_LOAN,2024-06-04,2026-07-08,715,200271,159783,60,0,MEDIUM
CUST00648,ACC10924,CREDIT_CARD,2023-11-18,2025-07-10,803,417014,99387,60,0,VERY_LOW
CUST00649,ACC11581,CREDIT_CARD,2022-06-14,2023-03-17,753,468580,449282,60,0,LOW
CUST00650,ACC17714,PERSONAL_LOAN,2022-11-01,2024-08-31,590,420774,323544,0,0,HIGH
CUST00651,ACC13324,CREDIT_CARD,2022-06-05,2024-09-06,833,333228,68457,120,1,VERY_LOW
CUST00652,ACC15713,MORTGAGE,2023-09-12,2026-01-25,492,185309,150301,0,0,VERY_HIGH
CUST00653,ACC17026,PERSONAL_LOAN,2024-08-14,2026-03-03,449,206569,126268,0,0,VERY_HIGH
CUST00654,ACC10255,MORTGAGE,2022-11-30,2023-05-09,814,141250,116318,30,0,VERY_LOW
CUST00655,ACC14804,CREDIT_CARD,2024-08-26,2025-09-12,692,258004,159445,0,0,MEDIUM
CUST00656,ACC11838,AUTO_LOAN,2023-05-26,2024-01-06,615,489222,348727,60,0,HIGH
CUST00657,ACC10009,AUTO_LOAN,2024-11-09,2027-02-09,375,27118,22482,0,0,VERY_HIGH
CUST00658,ACC12871,PERSONAL_LOAN,2022-10-09,2024-09-03,898,32616,17093,60,0,VERY_LOW
CUST00659,ACC18989,PERSONAL_LOAN,2024-03-07,2025-04-22,569,141870,28681,0,0,VERY_HIGH
CUST00660,ACC17409,CREDIT_CARD,2024-10-21,2026-08-26,524,279745,246163,0,0,VERY_HIGH
CUST00661,ACC17418,AUTO_LOAN,2022-04-29,2023-01-10,829,297507,150155,60,0,VERY_LOW
CUST00662,ACC15124,PERSONAL_LOAN,2024-11-24,2026-11-24,412,12795,7636,0,0,VERY_HIGH
CUST00663,ACC11015,CREDIT_CARD,2022-07-17,2023-12-04,550,107462,22160,0,0,VERY_HIGH
CUST00664,ACC12193,CREDIT_CARD,2023-04-30,2024-09-17,532,448480,266250,0,0,VERY_HIGH
CUST00665,ACC18415,MORTGAGE,2024-12-18,2025-10-08,382,375036,370981,30,0,VERY_HIGH
CUST00666,ACC17449,AUTO_LOAN,2024-04-16,2025-05-22,424,344977,145792,30,0,VERY_HIGH
CUST00667,ACC14158,MORTGAGE,2024-10-05,2026-03-04,474,275228,142109,0,0,VERY_HIGH
CUST00668,ACC13925,PERSONAL_LOAN,2023-11-22,2025-02-27,368,368009,275915,150,1,VERY_HIGH
CUST00669,ACC16970,CREDIT_CARD,2024-11-01,2026-09-07,346,479862,408763,90,1,VERY_HIGH
CUST00670,ACC16938,CREDIT_CARD,2023-05-05,2023-12-31,555,272875,145691,60,0,VERY_HIGH
CUST00671,ACC14784,CREDIT_CARD,2022-10-03,2024-05-26,329,142201,63668,60,0,VERY_HIGH
CUST00672,ACC14000,CREDIT_CARD,2023-11-24,2025-01-03,580,169094,160683,0,0,HIGH
CUST00673,ACC11633,CREDIT_CARD,2022-08-30,2023-10-28,536,273749,203044,30,0,VERY_HIGH
CUST00674,ACC17266,CREDIT_CARD,2022-05-06,2023-08-28,547,87506,25833,0,0,VERY_HIGH
CUST00675,ACC18702,CREDIT_CARD,2022-08-05,2023-09-02,667,250313,63865,0,0,HIGH
CUST00676,ACC10384,MORTGAGE,2024-11-28,2026-03-29,794,54130,31765,180,1,LOW
CUST00677,ACC10404,CREDIT_CARD,2023-05-10,2025-06-02,324,432481,162644,30,0,VERY_HIGH
CUST00678,ACC18175,AUTO_LOAN,2023-03-03,2025-03-29,885,173402,69913,0,0,VERY_LOW
CUST00679,ACC12000,PERSONAL_LOAN,2024-07-07,2025-03-19,789,340613,307285,0,0,LOW
CUST00680,ACC19860,CREDIT_CARD,2022-05-31,2022-11-07,793,156259,42448,30,0,LOW
CUST00681,ACC15989,CREDIT_CARD,2023-01-19,2024-09-27,613,429007,331318,0,0,HIGH
CUST00682,ACC11460,CREDIT_CARD,2022-11-04,2024-03-23,674,362580,151164,0,0,MEDIUM
CUST00683,ACC17190,CREDIT_CARD,2024-01-16,2026-04-22,324,211682,171094,0,0,VERY_HIGH
CUST00684,ACC17140,PERSONAL_LOAN,2024-06-10,2025-04-12,633,384485,299102,0,0,HIGH
CUST00685,ACC13636,CREDIT_CARD,2023-01-10,2023-07-14,654,233034,47984,30,0,HIGH
CUST00686,ACC14809,CREDIT_CARD,2024-10-28,2026-12-26,415,443083,269087,0,0,VERY_HIGH
CUST00687,ACC14178,CREDIT_CARD,2022-05-09,2023-01-11,347,404109,125862,60,0,VERY_HIGH
CUST00688,ACC17245,MORTGAGE,2024-10-11,2025-05-18,398,109694,97954,0,0,VERY_HIGH
CUST00689,ACC16600,AUTO_LOAN,2023-10-31,2025-01-19,758,29773,26714,30,0,LOW
CUST00690,ACC15997,PERSONAL_LOAN,2023-06-01,2025-05-05,822,276383,147775,180,1,VERY_LOW
CUST00691,ACC12048,CREDIT_CARD,2022-03-27,2024-03-17,896,293007,162770,30,0,VERY_LOW
CUST00692,ACC14780,AUTO_LOAN,2022-11-07,2024-06-04,704,323559,143215,120,1,MEDIUM
CUST00693,ACC10716,AUTO_LOAN,2023-03-03,2023-05-12,513,78968,61064,150,1,VERY_HIGH
CUST00694,ACC17939,PERSONAL_LOAN,2022-04-24,2023-03-26,802,70430,34294,0,0,VERY_LOW
CUST00695,ACC15565,MORTGAGE,2022-10-30,2023-11-01,747,260072,107730,60,0,LOW
CUST00696,ACC14544,CREDIT_CARD,2024-01-14,2024-12-22,875,11515,6284,90,1,VERY_LOW
CUST00697,ACC14976,MORTGAGE,2023-08-11,2023-11-23,557,107206,29287,0,0,VERY_HIGH
CUST00698,ACC13419,MORTGAGE,2024-09-13,2025-07-18,420,255282,203531,0,0,VERY_HIGH
CUST00699,ACC17239,CREDIT_CARD,2022-12-11,2023-07-04,353,245702,51616,150,1,VERY_HIGH
CUST00700,ACC19766,PERSONAL_LOAN,2024-03-24,2026-02-13,630,417821,298987,60,0,HIGH
CUST00701,ACC10249,MORTGAGE,2024-03-11,2025-01-07,540,328384,113716,0,0,VERY_HIGH
CUST00702,ACC18865,CREDIT_CARD,2024-10-21,2027-03-06,829,15586,6014,0,0,VERY_LOW
CUST00703,ACC10770,PERSONAL_LOAN,2024-12-12,2026-09-22,782,392563,278133,60,0,LOW
CUST00704,ACC14363,MORTGAGE,2024-12-28,2026-11-08,486,394518,392290,0,0,VERY_HIGH
CUST00705,ACC11077,PERSONAL_LOAN,2022-12-27,2025-06-05,561,255277,209882,30,0,VERY_HIGH
CUST00706,ACC18427,CREDIT_CARD,2024-10-06,2026-12-27,663,41186,15678,60,0,HIGH
CUST00707,ACC18580,PERSONAL_LOAN,2023-12-05,2026-05-11,790,36928,12585,30,0,LOW
CUST00708,ACC17901,CREDIT_CARD,2023-07-29,2024-06-11,730,239336,213723,0,0,MEDIUM
CUST00709,ACC14858,PERSONAL_LOAN,2023-11-19,2025-12-11,538,224159,124486,60,0,VERY_HIGH
CUST00710,ACC16544,CREDIT_CARD,2024-02-20,2024-12-17,603,395134,122350,60,0,HIGH
CUST00711,ACC14719,PERSONAL_LOAN,2023-08-08,2023-11-11,597,359173,319581,30,0,HIGH
CUST00712,ACC12814,PERSONAL_LOAN,2023-08-12,2025-01-05,375,30711,26192,0,0,VERY_HIGH
CUST00713,ACC13374,PERSONAL_LOAN,2023-05-04,2024-02-05,632,64962,64125,0,0,HIGH
CUST00714,ACC11252,PERSONAL_LOAN,2024-08-28,2025-03-01,773,30039,27870,150,1,LOW
CUST00715,ACC16996,PERSONAL_LOAN,2023-05-09,2023-07-24,582,46561,41040,0,0,HIGH
CUST00716,ACC14673,PERSONAL_LOAN,2022-01-19,2023-05-17,890,216555,52419,0,0,VERY_LOW
CUST00717,ACC14530,CREDIT_CARD,2023-02-01,2023-09-19,371,484611,137402,0,0,VERY_HIGH
CUST00718,ACC16881,PERSONAL_LOAN,2024-09-27,2026-08-17,562,229730,150516,90,1,VERY_HIGH
CUST00719,ACC16949,CREDIT_CARD,2024-04-30,2024-09-30,874,11577,7237,0,0,VERY_LOW
CUST00720,ACC19521,MORTGAGE,2024-04-01,2024-05-01,311,117792,66713,0,0,VERY_HIGH
CUST00721,ACC16241,CREDIT_CARD,2023-03-31,2025-05-27,440,431566,223305,0,0,VERY_HIGH
CUST00722,ACC18017,CREDIT_CARD,2023-12-26,2026-05-28,854,257980,140590,60,0,VERY_LOW
CUST00723,ACC16941,PERSONAL_LOAN,2024-12-24,2026-10-24,316,248540,162902,0,0,VERY_HIGH
CUST00724,ACC19550,PERSONAL_LOAN,2023-12-12,2024-07-19,362,437014,88128,0,0,VERY_HIGH
CUST00725,ACC17002,CREDIT_CARD,2022-05-23,2024-01-21,552,238506,97445,0,0,VERY_HIGH
CUST00726,ACC11331,PERSONAL_LOAN,2024-07-05,2026-01-01,764,222489,136747,120,1,LOW
CUST00727,ACC14261,PERSONAL_LOAN,2024-04-07,2025-07-22,675,20785,16166,0,0,MEDIUM
CUST00728,ACC17648,PERSONAL_LOAN,2023-08-28,2025-12-19,819,82227,27901,0,0,VERY_LOW
CUST00729,ACC19550,CREDIT_CARD,2022-11-01,2025-02-13,389,390824,249152,0,0,VERY_HIGH
CUST00730,ACC15115,PERSONAL_LOAN,2024-01-06,2024-06-26,474,334101,257781,150,1,VERY_HIGH
CUST00731,ACC14637,PERSONAL_LOAN,2022-10-18,2023-05-26,375,75431,41917,30,0,VERY_HIGH
CUST00732,ACC14854,PERSONAL_LOAN,2022-04-12,2023-10-26,699,420513,93212,180,1,MEDIUM
CUST00733,ACC13177,PERSONAL_LOAN,2024-05-16,2025-01-27,370,344038,192459,90,1,VERY_HIGH
CUST00734,ACC17730,PERSONAL_LOAN,2024-08-25,2025-08-02,479,257941,112760,0,0,VERY_HIGH
CUST00735,ACC12180,CREDIT_CARD,2024-08-31,2026-06-20,423,204844,193315,30,0,VERY_HIGH
CUST00736,ACC14892,CREDIT_CARD,2024-04-21,2025-03-18,680,160653,48146,0,0,MEDIUM
CUST00737,ACC17043,CREDIT_CARD,2024-08-19,2026-07-03,592,327336,236330,30,0,HIGH
CUST00738,ACC10137,CREDIT_CARD,2024-07-30,2025-12-01,494,273606,66260,0,0,VERY_HIGH
CUST00739,ACC16327,CREDIT_CARD,2024-10-23,2025-12-27,527,400992,223327,0,0,VERY_HIGH
CUST00740,ACC13472,PERSONAL_LOAN,2022-03-26,2023-10-27,730,205245,132010,120,1,MEDIUM
CUST00741,ACC15449,CREDIT_CARD,2022-11-24,2024-01-20,735,418727,183554,0,0,MEDIUM
CUST00742,ACC12832,MORTGAGE,2024-03-26,2026-09-08,760,348250,196434,90,1,LOW
CUST00743,ACC13579,CREDIT_CARD,2023-03-30,2025-05-31,320,320809,106137,0,0,VERY_HIGH
CUST00744,ACC15971,AUTO_LOAN,2023-09-21,2026-02-11,363,185486,82225,0,0,VERY_HIGH
CUST00745,ACC14164,PERSONAL_LOAN,2023-10-27,2024-06-19,464,353154,246107,90,1,VERY_HIGH
CUST00746,ACC17941,CREDIT_CARD,2022-01-12,2022-09-08,326,82573,36451,30,0,VERY_HIGH
CUST00747,ACC15569,CREDIT_CARD,2022-10-31,2023-03-24,610,234737,215909,60,0,HIGH
CUST00748,ACC14300,PERSONAL_LOAN,2024-09-01,2026-10-07,584,379947,266998,0,0,HIGH
CUST00749,ACC16269,CREDIT_CARD,2024-02-22,2025-12-28,580,129682,71444,0,0,HIGH
CUST00750,ACC13818,MORTGAGE,2022-02-12,2022-11-19,463,23386,5402,60,0,VERY_HIGH
CUST00751,ACC11906,PERSONAL_LOAN,2024-08-01,2025-04-06,523,396213,237584,30,0,VERY_HIGH
CUST00752,ACC16254,MORTGAGE,2022-12-09,2024-02-18,445,64460,52329,0,0,VERY_HIGH
CUST00753,ACC10760,CREDIT_CARD,2023-05-13,2024-08-27,329,409437,168870,150,1,VERY_HIGH
CUST00754,ACC17830,PERSONAL_LOAN,2022-12-30,2024-09-22,344,426690,360731,30,0,VERY_HIGH
CUST00755,ACC17350,PERSONAL_LOAN,2024-06-09,2025-06-27,770,125375,50331,120,1,LOW
CUST00756,ACC16238,PERSONAL_LOAN,2023-03-03,2024-10-10,333,384804,330545,60,0,VERY_HIGH
CUST00757,ACC16090,CREDIT_CARD,2024-10-01,2026-05-03,726,162117,43482,60,0,MEDIUM
CUST00758,ACC16031,PERSONAL_LOAN,2022-01-21,2022-07-11,520,363463,324553,0,0,VERY_HIGH
CUST00759,ACC17687,PERSONAL_LOAN,2023-02-11,2024-11-13,833,126582,75866,0,0,VERY_LOW
CUST00760,ACC19091,PERSONAL_LOAN,2023-09-11,2025-02-22,666,408138,178450,90,1,HIGH
CUST00761,ACC19911,CREDIT_CARD,2024-10-11,2027-02-27,849,253015,104265,0,0,VERY_LOW
CUST00762,ACC18472,AUTO_LOAN,2022-12-02,2024-12-02,881,163778,89358,0,0,VERY_LOW
CUST00763,ACC11887,CREDIT_CARD,2023-02-03,2024-09-01,415,314915,314675,0,0,VERY_HIGH
CUST00764,ACC13266,AUTO_LOAN,2024-03-03,2026-01-20,538,62335,23454,0,0,VERY_HIGH
CUST00765,ACC10666,AUTO_LOAN,2023-12-16,2025-07-09,634,239087,67559,120,1,HIGH
CUST00766,ACC14188,AUTO_LOAN,2022-02-20,2024-07-14,740,62949,42051,90,1,LOW
CUST00767,ACC10671,PERSONAL_LOAN,2022-11-20,2024-05-09,447,473930,280013,0,0,VERY_HIGH
CUST00768,ACC16777,CREDIT_CARD,2024-02-28,2025-11-14,308,105558,65378,0,0,VERY_HIGH
CUST00769,ACC17570,MORTGAGE,2022-05-21,2023-03-27,587,418456,306957,60,0,HIGH
CUST00770,ACC17956,CREDIT_CARD,2023-04-15,2024-07-11,687,494972,204777,30,0,MEDIUM
CUST00771,ACC15124,PERSONAL_LOAN,2024-02-26,2026-07-30,349,374416,347657,150,1,VERY_HIGH
CUST00772,ACC15585,PERSONAL_LOAN,2024-08-21,2025-06-16,816,274860,150771,30,0,VERY_LOW
CUST00773,ACC14777,PERSONAL_LOAN,2024-10-04,2025-04-05,886,157646,47809,0,0,VERY_LOW
CUST00774,ACC13900,CREDIT_CARD,2023-01-08,2024-10-12,577,252887,200751,0,0,VERY_HIGH
CUST00775,ACC16677,PERSONAL_LOAN,2023-05-09,2025-06-03,599,486471,347575,150,1,HIGH
CUST00776,ACC16981,AUTO_LOAN,2024-01-21,2025-12-12,888,476933,215857,30,0,VERY_LOW
CUST00777,ACC16376,CREDIT_CARD,2022-10-18,2023-02-07,434,447282,311851,30,0,VERY_HIGH
CUST00778,ACC10523,MORTGAGE,2022-04-16,2024-01-27,879,202898,76267,0,0,VERY_LOW
CUST00779,ACC12393,CREDIT_CARD,2023-11-01,2025-01-29,446,161285,89653,60,0,VERY_HIGH
CUST00780,ACC12593,CREDIT_CARD,2022-01-02,2022-11-02,789,81916,75324,60,0,LOW
CUST00781,ACC19945,CREDIT_CARD,2023-08-12,2025-08-23,777,207223,63581,0,0,LOW
CUST00782,ACC17240,CREDIT_CARD,2023-10-06,2024-08-14,458,269590,137317,0,0,VERY_HIGH
CUST00783,ACC16937,MORTGAGE,2022-03-31,2022-10-19,683,258090,221160,0,0,MEDIUM
CUST00784,ACC16190,CREDIT_CARD,2022-12-16,2023-12-07,462,60906,59419,0,0,VERY_HIGH
CUST00785,ACC15240,CREDIT_CARD,2024-11-28,2026-12-15,740,272607,153516,0,0,LOW
CUST00786,ACC16493,CREDIT_CARD,2024-06-27,2024-09-27,488,435189,263550,0,0,VERY_HIGH
CUST00787,ACC12878,PERSONAL_LOAN,2022-06-08,2022-09-18,714,84694,55706,30,0,MEDIUM
CUST00788,ACC14143,PERSONAL_LOAN,2024-08-16,2026-10-17,638,423867,400926,0,0,HIGH
CUST00789,ACC13644,CREDIT_CARD,2022-11-08,2024-09-03,480,340838,302175,0,0,VERY_HIGH
CUST00790,ACC14432,CREDIT_CARD,2023-03-21,2024-04-28,587,292152,98303,120,1,HIGH
CUST00791,ACC11276,AUTO_LOAN,2022-10-25,2024-08-17,486,80474,44212,30,0,VERY_HIGH
CUST00792,ACC15811,CREDIT_CARD,2024-08-09,2026-01-28,437,48185,27523,30,0,VERY_HIGH
CUST00793,ACC10302,PERSONAL_LOAN,2022-02-05,2024-05-01,429,360068,299316,0,0,VERY_HIGH
CUST00794,ACC10638,CREDIT_CARD,2023-07-13,2024-09-12,493,272048,185622,30,0,VERY_HIGH
CUST00795,ACC10055,AUTO_LOAN,2024-06-09,2024-11-05,615,477633,345508,0,0,HIGH
CUST00796,ACC18717,CREDIT_CARD,2022-05-21,2023-08-30,443,266574,266190,90,1,VERY_HIGH
CUST00797,ACC18150,PERSONAL_LOAN,2024-06-05,2026-10-11,315,212211,55168,0,0,VERY_HIGH
CUST00798,ACC12125,CREDIT_CARD,2023-12-27,2025-12-01,601,307124,116218,30,0,HIGH
CUST00799,ACC10364,MORTGAGE,2024-11-15,2026-03-24,722,32504,17107,0,0,MEDIUM
CUST00800,ACC16809,CREDIT_CARD,2023-06-05,2024-04-15,544,64970,31070,60,0,VERY_HIGH
CUST00801,ACC14621,AUTO_LOAN,2022-01-10,2022-10-31,406,288910,62784,0,0,VERY_HIGH
CUST00802,ACC15126,CREDIT_CARD,2024-09-10,2025-08-25,387,126944,34709,0,0,VERY_HIGH
CUST00803,ACC15122,CREDIT_CARD,2023-01-13,2024-12-15,428,366066,272632,0,0,VERY_HIGH
CUST00804,ACC11646,AUTO_LOAN,2023-11-13,2024-12-22,640,414911,374855,30,0,HIGH
CUST00805,ACC10918,CREDIT_CARD,2023-08-07,2025-12-03,303,421012,257398,150,1,VERY_HIGH
CUST00806,ACC12797,AUTO_LOAN,2022-06-01,2022-09-27,626,183615,115925,90,1,HIGH
CUST00807,ACC16506,MORTGAGE,2023-12-21,2025-11-03,709,417775,168812,0,0,MEDIUM
CUST00808,ACC15870,AUTO_LOAN,2024-12-08,2025-07-28,605,174211,141860,0,0,HIGH
CUST00809,ACC11531,CREDIT_CARD,2024-05-08,2026-09-05,524,130494,104582,120,1,VERY_HIGH
CUST00810,ACC18172,AUTO_LOAN,2022-02-19,2024-03-28,647,244941,164280,0,0,HIGH
CUST00811,ACC13345,CREDIT_CARD,2023-10-26,2024-10-23,620,18802,6959,30,0,HIGH
CUST00812,ACC17673,AUTO_LOAN,2023-06-15,2024-02-21,858,477059,132438,120,1,VERY_LOW
CUST00813,ACC16949,PERSONAL_LOAN,2024-12-19,2025-02-27,480,181277,45571,90,1,VERY_HIGH
CUST00814,ACC16882,AUTO_LOAN,2024-05-06,2026-05-13,685,306303,206496,0,0,MEDIUM
CUST00815,ACC11906,PERSONAL_LOAN,2022-05-26,2022-08-31,407,21516,18504,0,0,VERY_HIGH
CUST00816,ACC13086,PERSONAL_LOAN,2024-07-03,2026-09-16,830,322636,286069,0,0,VERY_LOW
CUST00817,ACC18152,CREDIT_CARD,2024-09-19,2026-03-16,709,301230,171971,60,0,MEDIUM
CUST00818,ACC15750,AUTO_LOAN,2022-08-30,2024-06-26,595,123758,102399,0,0,HIGH
CUST00819,ACC18905,CREDIT_CARD,2023-08-04,2025-05-16,470,40480,38759,0,0,VERY_HIGH
CUST00820,ACC11062,PERSONAL_LOAN,2023-11-18,2025-08-06,630,193163,81154,0,0,HIGH
CUST00821,ACC11976,AUTO_LOAN,2023-04-28,2025-02-17,792,138023,71546,0,0,LOW
CUST00822,ACC11296,PERSONAL_LOAN,2023-11-04,2024-04-08,494,382339,361380,30,0,VERY_HIGH
CUST00823,ACC16229,CREDIT_CARD,2023-09-23,2024-07-03,311,188838,88864,30,0,VERY_HIGH
CUST00824,ACC17641,PERSONAL_LOAN,2023-10-23,2025-10-16,494,310881,289461,0,0,VERY_HIGH
CUST00825,ACC10125,CREDIT_CARD,2023-10-24,2023-12-08,789,281409,277141,0,0,LOW
CUST00826,ACC14632,PERSONAL_LOAN,2024-03-15,2025-08-03,481,124165,90571,120,1,VERY_HIGH
CUST00827,ACC16288,CREDIT_CARD,2023-02-23,2023-05-25,615,129501,110530,0,0,HIGH
CUST00828,ACC13596,CREDIT_CARD,2024-09-14,2025-12-19,329,259329,207368,60,0,VERY_HIGH
CUST00829,ACC16168,CREDIT_CARD,2023-10-12,2025-09-10,895,343134,260653,120,1,VERY_LOW
CUST00830,ACC19795,PERSONAL_LOAN,2024-08-26,2025-06-19,395,494933,220514,0,0,VERY_HIGH
CUST00831,ACC17561,CREDIT_CARD,2023-08-13,2023-10-16,680,287530,70639,30,0,MEDIUM
CUST00832,ACC18258,CREDIT_CARD,2023-05-24,2025-08-09,743,376862,178798,150,1,LOW
CUST00833,ACC10232,MORTGAGE,2023-03-17,2024-11-11,597,309569,227083,0,0,HIGH
CUST00834,ACC19361,CREDIT_CARD,2024-07-09,2025-12-14,660,131635,37124,0,0,HIGH
CUST00835,ACC16371,PERSONAL_LOAN,2024-02-09,2025-09-22,673,184326,38622,0,0,MEDIUM
CUST00836,ACC14206,AUTO_LOAN,2022-09-20,2024-01-31,853,230935,71994,0,0,VERY_LOW
CUST00837,ACC19685,MORTGAGE,2023-09-29,2025-12-03,602,63634,49162,90,1,HIGH
CUST00838,ACC17943,PERSONAL_LOAN,2023-04-04,2025-02-22,720,489933,479269,120,1,MEDIUM
CUST00839,ACC16891,PERSONAL_LOAN,2024-09-25,2025-09-14,545,188734,186176,60,0,VERY_HIGH
CUST00840,ACC16738,AUTO_LOAN,2023-12-01,2024-10-29,536,359132,213749,0,0,VERY_HIGH
CUST00841,ACC12472,CREDIT_CARD,2022-10-29,2023-08-30,833,244856,219264,0,0,VERY_LOW
CUST00842,ACC12739,AUTO_LOAN,2023-07-08,2025-12-22,484,378481,298796,30,0,VERY_HIGH
CUST00843,ACC15401,CREDIT_CARD,2022-10-15,2024-09-27,767,228599,137349,0,0,LOW
CUST00844,ACC11761,MORTGAGE,2023-09-13,2024-04-30,662,247919,163182,30,0,HIGH
CUST00845,ACC10876,CREDIT_CARD,2024-10-02,2026-01-19,582,478668,148282,0,0,HIGH
CUST00846,ACC13812,PERSONAL_LOAN,2022-02-05,2023-01-24,852,413359,392744,30,0,VERY_LOW
CUST00847,ACC19504,CREDIT_CARD,2024-01-14,2024-03-18,635,494607,238174,30,0,HIGH
CUST00848,ACC11460,PERSONAL_LOAN,2022-12-19,2024-05-13,461,418797,233236,0,0,VERY_HIGH
CUST00849,ACC11733,CREDIT_CARD,2022-03-14,2024-04-09,459,77443,57100,0,0,VERY_HIGH
CUST00850,ACC11605,AUTO_LOAN,2023-10-10,2025-03-02,773,301568,140869,0,0,LOW
CUST00851,ACC15622,AUTO_LOAN,2024-12-29,2025-04-02,900,360988,145625,0,0,VERY_LOW
CUST00852,ACC16767,CREDIT_CARD,2023-03-01,2023-04-07,621,314128,221409,30,0,HIGH
CUST00853,ACC16986,AUTO_LOAN,2024-09-25,2025-08-21,311,51505,11330,60,0,VERY_HIGH
CUST00854,ACC13517,AUTO_LOAN,2023-12-09,2024-12-15,723,112478,87348,60,0,MEDIUM
CUST00855,ACC13735,PERSONAL_LOAN,2023-07-15,2024-10-17,372,72699,44434,150,1,VERY_HIGH
CUST00856,ACC19352,CREDIT_CARD,2024-04-07,2025-07-04,887,430173,294497,0,0,VERY_LOW
CUST00857,ACC18434,CREDIT_CARD,2024-08-13,2025-08-09,500,428680,302435,0,0,VERY_HIGH
CUST00858,ACC12590,CREDIT_CARD,2023-06-01,2024-09-10,821,386156,240050,0,0,VERY_LOW
CUST00859,ACC11063,CREDIT_CARD,2023-03-04,2024-11-10,804,164721,109708,60,0,VERY_LOW
CUST00860,ACC14324,MORTGAGE,2022-06-09,2022-12-29,338,445281,332638,0,0,VERY_HIGH
CUST00861,ACC19111,CREDIT_CARD,2022-05-29,2024-01-07,359,495877,397938,90,1,VERY_HIGH
CUST00862,ACC15342,AUTO_LOAN,2024-02-15,2025-08-24,877,306902,239985,0,0,VERY_LOW
CUST00863,ACC10005,CREDIT_CARD,2022-03-08,2024-01-25,620,146668,131369,120,1,HIGH
CUST00864,ACC17489,PERSONAL_LOAN,2024-10-10,2024-12-04,734,288518,101429,150,1,MEDIUM
CUST00865,ACC18659,AUTO_LOAN,2023-01-16,2025-05-14,707,128686,67034,0,0,MEDIUM
CUST00866,ACC18195,AUTO_LOAN,2022-02-27,2023-11-23,685,275919,264395,0,0,MEDIUM
CUST00867,ACC15966,CREDIT_CARD,2022-12-08,2024-02-16,868,299532,154939,30,0,VERY_LOW
CUST00868,ACC18837,PERSONAL_LOAN,2023-12-28,2024-09-14,377,395944,118742,0,0,VERY_HIGH
CUST00869,ACC10117,CREDIT_CARD,2024-02-09,2025-08-24,493,293173,181871,0,0,VERY_HIGH
CUST00870,ACC12551,CREDIT_CARD,2023-09-06,2026-01-01,584,93981,27028,30,0,HIGH
CUST00871,ACC15560,CREDIT_CARD,2022-12-20,2024-07-21,826,325783,118025,0,0,VERY_LOW
CUST00872,ACC14289,PERSONAL_LOAN,2022-04-26,2024-07-21,823,124010,123843,30,0,VERY_LOW
CUST00873,ACC10846,CREDIT_CARD,2023-10-24,2025-04-10,455,417861,264543,30,0,VERY_HIGH
CUST00874,ACC16316,PERSONAL_LOAN,2023-03-29,2025-02-24,639,41105,17561,0,0,HIGH
CUST00875,ACC16469,CREDIT_CARD,2022-10-14,2023-05-10,424,416884,415141,0,0,VERY_HIGH
CUST00876,ACC19333,PERSONAL_LOAN,2024-10-13,2025-03-23,579,269021,261823,0,0,VERY_HIGH
CUST00877,ACC18915,CREDIT_CARD,2022-11-07,2025-03-08,427,157032,86774,60,0,VERY_HIGH
CUST00878,ACC10224,PERSONAL_LOAN,2022-07-27,2023-11-23,613,136519,55743,0,0,HIGH
CUST00879,ACC14208,AUTO_LOAN,2023-09-10,2024-09-21,631,152429,132722,120,1,HIGH
CUST00880,ACC16283,PERSONAL_LOAN,2023-03-22,2024-10-11,449,467820,361389,0,0,VERY_HIGH
CUST00881,ACC12048,AUTO_LOAN,2023-11-01,2026-01-10,753,374883,280994,0,0,LOW
CUST00882,ACC16233,CREDIT_CARD,2023-09-25,2024-12-03,335,323940,296240,0,0,VERY_HIGH
CUST00883,ACC19765,PERSONAL_LOAN,2022-02-24,2022-06-09,719,287948,216402,0,0,MEDIUM
CUST00884,ACC11828,CREDIT_CARD,2024-06-30,2026-02-28,321,137732,58816,0,0,VERY_HIGH
CUST00885,ACC11917,CREDIT_CARD,2024-11-01,2027-04-03,505,155698,117566,30,0,VERY_HIGH
CUST00886,ACC14234,PERSONAL_LOAN,2023-10-19,2025-03-23,655,169204,75236,0,0,HIGH
CUST00887,ACC16988,AUTO_LOAN,2024-09-06,2025-04-17,739,280095,226146,0,0,MEDIUM
CUST00888,ACC12026,CREDIT_CARD,2023-05-30,2023-12-07,395,409665,285044,0,0,VERY_HIGH
CUST00889,ACC13744,PERSONAL_LOAN,2022-08-25,2023-09-05,463,291209,76276,60,0,VERY_HIGH
CUST00890,ACC19093,PERSONAL_LOAN,2022-12-14,2024-01-08,447,373647,228024,30,0,VERY_HIGH
CUST00891,ACC10009,CREDIT_CARD,2023-09-19,2025-11-25,829,115072,54617,0,0,VERY_LOW
CUST00892,ACC10260,CREDIT_CARD,2023-09-22,2025-05-27,593,150202,69521,90,1,HIGH
CUST00893,ACC16038,CREDIT_CARD,2022-12-30,2023-04-25,494,99360,67744,0,0,VERY_HIGH
CUST00894,ACC19865,CREDIT_CARD,2022-11-17,2023-09-04,779,72287,33097,60,0,LOW
CUST00895,ACC12219,CREDIT_CARD,2022-10-13,2023-06-13,422,248009,203743,0,0,VERY_HIGH
CUST00896,ACC17041,CREDIT_CARD,2022-05-29,2024-04-22,699,192774,49472,0,0,MEDIUM
CUST00897,ACC12060,CREDIT_CARD,2023-02-10,2025-03-02,751,178065,129686,120,1,LOW
CUST00898,ACC15287,PERSONAL_LOAN,2024-09-04,2026-04-29,403,172947,146547,0,0,VERY_HIGH
CUST00899,ACC11619,PERSONAL_LOAN,2023-04-01,2025-06-18,761,256356,189258,60,0,LOW
CUST00900,ACC18512,MORTGAGE,2024-03-10,2024-12-26,695,147126,87949,0,0,MEDIUM
CUST00901,ACC11342,CREDIT_CARD,2024-10-09,2026-11-07,636,240881,231304,30,0,HIGH
CUST00902,ACC12832,AUTO_LOAN,2024-02-23,2024-12-31,898,117357,51631,90,1,VERY_LOW
CUST00903,ACC12824,AUTO_LOAN,2023-04-05,2025-02-10,441,451733,97273,0,0,VERY_HIGH
CUST00904,ACC11994,PERSONAL_LOAN,2024-01-08,2025-05-18,616,217440,118633,90,1,HIGH
CUST00905,ACC13490,CREDIT_CARD,2023-05-24,2024-07-06,857,39670,8981,30,0,VERY_LOW
CUST00906,ACC19310,AUTO_LOAN,2023-04-26,2024-05-21,826,321256,309417,30,0,VERY_LOW
CUST00907,ACC17984,CREDIT_CARD,2022-04-24,2023-08-15,855,360532,132652,0,0,VERY_LOW
CUST00908,ACC11604,CREDIT_CARD,2024-01-19,2025-05-03,700,361300,300291,90,1,MEDIUM
CUST00909,ACC10235,PERSONAL_LOAN,2022-12-27,2023-04-28,609,169379,138832,0,0,HIGH
CUST00910,ACC11908,PERSONAL_LOAN,2022-12-07,2024-09-17,794,254159,95102,0,0,LOW
CUST00911,ACC18567,CREDIT_CARD,2024-02-09,2026-04-01,855,208159,145082,90,1,VERY_LOW
CUST00912,ACC13530,MORTGAGE,2024-01-31,2026-07-15,408,320066,76323,60,0,VERY_HIGH
CUST00913,ACC15256,PERSONAL_LOAN,2024-08-26,2025-11-22,671,204152,119808,0,0,MEDIUM
CUST00914,ACC12635,PERSONAL_LOAN,2023-03-25,2023-09-12,505,365492,77381,0,0,VERY_HIGH
CUST00915,ACC18162,MORTGAGE,2024-04-14,2025-02-28,342,89335,83699,0,0,VERY_HIGH
CUST00916,ACC19762,CREDIT_CARD,2022-11-07,2024-02-11,544,298456,292746,0,0,VERY_HIGH
CUST00917,ACC12560,MORTGAGE,2022-09-19,2024-11-05,586,76985,29086,0,0,HIGH
CUST00918,ACC15415,PERSONAL_LOAN,2023-02-10,2025-07-10,654,140744,51580,30,0,HIGH
CUST00919,ACC13391,CREDIT_CARD,2022-05-23,2024-09-22,775,261713,210149,0,0,LOW
CUST00920,ACC15951,AUTO_LOAN,2022-12-08,2024-11-25,382,460824,185575,60,0,VERY_HIGH
CUST00921,ACC15468,PERSONAL_LOAN,2022-09-01,2024-07-14,409,493178,451781,90,1,VERY_HIGH
CUST00922,ACC18007,AUTO_LOAN,2023-05-05,2025-05-04,489,373107,245930,0,0,VERY_HIGH
CUST00923,ACC19064,MORTGAGE,2022-01-12,2022-03-31,550,181349,87160,0,0,VERY_HIGH
CUST00924,ACC19444,AUTO_LOAN,2023-07-15,2024-06-10,590,41551,35989,0,0,HIGH
CUST00925,ACC16413,PERSONAL_LOAN,2022-02-11,2022-09-18,500,99813,59361,0,0,VERY_HIGH
CUST00926,ACC16941,AUTO_LOAN,2023-11-09,2024-04-22,625,459813,427307,60,0,HIGH
CUST00927,ACC19506,PERSONAL_LOAN,2023-08-17,2025-03-23,810,373169,351678,0,0,VERY_LOW
CUST00928,ACC14820,CREDIT_CARD,2022-05-14,2023-07-21,708,396486,131766,30,0,MEDIUM
CUST00929,ACC12898,AUTO_LOAN,2024-12-26,2027-06-08,807,186284,37603,0,0,VERY_LOW
CUST00930,ACC17546,CREDIT_CARD,2024-10-27,2026-07-20,900,19637,19384,0,0,VERY_LOW
CUST00931,ACC10077,PERSONAL_LOAN,2024-08-05,2026-11-19,371,315402,291718,0,0,VERY_HIGH
CUST00932,ACC17577,AUTO_LOAN,2022-03-14,2023-03-19,546,438909,107250,0,0,VERY_HIGH
CUST00933,ACC14227,PERSONAL_LOAN,2023-02-03,2025-03-30,886,413040,357869,0,0,VERY_LOW
CUST00934,ACC10600,PERSONAL_LOAN,2023-08-01,2025-08-03,865,139553,79021,0,0,VERY_LOW
CUST00935,ACC11065,AUTO_LOAN,2024-05-08,2025-04-20,643,36950,15044,90,1,HIGH
CUST00936,ACC12136,PERSONAL_LOAN,2022-05-10,2024-02-16,353,426704,385312,60,0,VERY_HIGH
CUST00937,ACC19510,AUTO_LOAN,2024-07-19,2025-08-15,827,137870,49265,0,0,VERY_LOW
CUST00938,ACC16943,CREDIT_CARD,2022-09-23,2025-01-21,831,10215,9784,0,0,VERY_LOW
CUST00939,ACC17804,CREDIT_CARD,2024-03-03,2025-04-18,857,377747,137687,0,0,VERY_LOW
CUST00940,ACC16565,CREDIT_CARD,2022-09-10,2023-05-30,492,283667,195998,0,0,VERY_HIGH
CUST00941,ACC15984,PERSONAL_LOAN,2024-04-01,2026-06-16,357,479116,181330,0,0,VERY_HIGH
CUST00942,ACC15142,PERSONAL_LOAN,2022-06-13,2023-06-21,736,340833,216952,0,0,MEDIUM
CUST00943,ACC14670,AUTO_LOAN,2022-04-05,2023-11-04,410,33834,25280,0,0,VERY_HIGH
CUST00944,ACC12190,CREDIT_CARD,2024-04-12,2026-08-06,428,306618,107985,0,0,VERY_HIGH
CUST00945,ACC19184,PERSONAL_LOAN,2022-12-02,2024-07-06,625,53066,32726,0,0,HIGH
CUST00946,ACC12712,CREDIT_CARD,2024-04-01,2025-10-11,307,282544,162532,0,0,VERY_HIGH
CUST00947,ACC12192,CREDIT_CARD,2022-08-26,2025-01-27,328,397355,102052,60,0,VERY_HIGH
CUST00948,ACC11248,PERSONAL_LOAN,2023-01-16,2025-04-13,411,20345,17387,0,0,VERY_HIGH
CUST00949,ACC14033,CREDIT_CARD,2024-06-17,2026-10-13,430,43896,20567,0,0,VERY_HIGH
CUST00950,ACC11997,CREDIT_CARD,2023-04-28,2024-12-18,487,488646,322343,30,0,VERY_HIGH
CUST00951,ACC13687,CREDIT_CARD,2024-06-20,2025-01-18,774,301043,184186,120,1,LOW
CUST00952,ACC14018,CREDIT_CARD,2024-11-14,2025-01-23,663,300373,183410,120,1,HIGH
CUST00953,ACC11970,PERSONAL_LOAN,2023-04-27,2024-11-27,503,277727,79368,60,0,VERY_HIGH
CUST00954,ACC18389,CREDIT_CARD,2024-07-05,2025-09-04,511,408113,219885,0,0,VERY_HIGH
CUST00955,ACC15765,PERSONAL_LOAN,2024-09-20,2026-09-23,575,81537,45815,30,0,VERY_HIGH
CUST00956,ACC11202,AUTO_LOAN,2024-08-21,2026-11-07,372,250489,197113,60,0,VERY_HIGH
CUST00957,ACC18135,PERSONAL_LOAN,2023-06-21,2024-11-25,542,407783,355592,0,0,VERY_HIGH
CUST00958,ACC15567,MORTGAGE,2024-11-01,2026-09-20,401,84807,53936,0,0,VERY_HIGH
CUST00959,ACC17667,PERSONAL_LOAN,2022-05-08,2023-05-05,470,139648,37624,90,1,VERY_HIGH
CUST00960,ACC15742,PERSONAL_LOAN,2022-04-02,2022-09-05,487,384796,149870,0,0,VERY_HIGH
CUST00961,ACC15788,MORTGAGE,2023-06-27,2025-02-03,740,480455,159485,0,0,LOW
CUST00962,ACC15408,CREDIT_CARD,2024-04-25,2025-12-02,385,154401,46272,0,0,VERY_HIGH
CUST00963,ACC18669,MORTGAGE,2024-09-15,2024-10-15,775,242117,119295,0,0,LOW
CUST00964,ACC19446,CREDIT_CARD,2023-03-23,2023-10-06,351,258780,99245,0,0,VERY_HIGH
CUST00965,ACC10922,CREDIT_CARD,2023-01-25,2024-11-04,410,343936,128853,30,0,VERY_HIGH
CUST00966,ACC10419,CREDIT_CARD,2023-11-03,2023-12-21,342,403444,98341,60,0,VERY_HIGH
CUST00967,ACC12204,PERSONAL_LOAN,2022-02-12,2023-02-08,510,493498,105675,0,0,VERY_HIGH
CUST00968,ACC11120,PERSONAL_LOAN,2022-09-11,2024-05-16,499,223286,63014,120,1,VERY_HIGH
CUST00969,ACC10950,PERSONAL_LOAN,2024-12-19,2026-04-18,325,47052,15892,0,0,VERY_HIGH
CUST00970,ACC12336,CREDIT_CARD,2023-10-25,2024-03-11,598,460985,251138,0,0,HIGH
CUST00971,ACC15373,CREDIT_CARD,2023-04-12,2024-02-03,376,56032,34090,60,0,VERY_HIGH
CUST00972,ACC12243,CREDIT_CARD,2022-10-14,2024-01-31,436,491937,153717,60,0,VERY_HIGH
CUST00973,ACC12645,CREDIT_CARD,2024-10-07,2025-07-03,319,305830,165095,30,0,VERY_HIGH
CUST00974,ACC14612,MORTGAGE,2024-02-17,2025-01-12,739,349125,165275,90,1,MEDIUM
CUST00975,ACC11865,CREDIT_CARD,2022-12-11,2024-09-02,510,108802,37725,60,0,VERY_HIGH
CUST00976,ACC16028,AUTO_LOAN,2023-10-04,2024-02-13,850,466477,95848,120,1,VERY_LOW
CUST00977,ACC17326,AUTO_LOAN,2023-01-17,2023-10-23,734,406025,232901,0,0,MEDIUM
CUST00978,ACC16371,CREDIT_CARD,2023-11-21,2025-03-17,506,244337,182891,60,0,VERY_HIGH
CUST00979,ACC16359,PERSONAL_LOAN,2024-12-15,2026-06-17,738,182857,69672,180,1,MEDIUM
CUST00980,ACC17863,CREDIT_CARD,2023-04-02,2023-10-01,341,439763,134323,60,0,VERY_HIGH
CUST00981,ACC13228,CREDIT_CARD,2024-09-09,2027-02-14,710,314962,286500,0,0,MEDIUM
CUST00982,ACC13719,CREDIT_CARD,2022-03-24,2022-10-13,822,372566,156485,0,0,VERY_LOW
CUST00983,ACC12371,PERSONAL_LOAN,2022-05-29,2023-06-05,726,344071,130365,30,0,MEDIUM
CUST00984,ACC12891,CREDIT_CARD,2022-07-09,2024-06-07,574,206753,183116,0,0,VERY_HIGH
CUST00985,ACC13756,PERSONAL_LOAN,2024-06-01,2025-09-04,747,351609,300163,150,1,LOW
CUST00986,ACC14225,PERSONAL_LOAN,2022-09-20,2024-10-15,668,230934,129017,0,0,HIGH
CUST00987,ACC10094,CREDIT_CARD,2023-02-04,2025-01-22,519,236599,139922,0,0,VERY_HIGH
CUST00988,ACC12674,PERSONAL_LOAN,2024-02-03,2026-01-19,876,123221,46109,120,1,VERY_LOW
CUST00989,ACC16898,AUTO_LOAN,2023-09-01,2026-01-29,531,309477,81281,0,0,VERY_HIGH
CUST00990,ACC10793,CREDIT_CARD,2024-02-24,2026-07-22,627,136457,89890,0,0,HIGH
CUST00991,ACC12116,CREDIT_CARD,2022-04-11,2024-02-27,742,288720,80459,30,0,LOW
CUST00992,ACC15779,PERSONAL_LOAN,2024-03-30,2025-03-18,351,129875,72654,30,0,VERY_HIGH
CUST00993,ACC16166,CREDIT_CARD,2024-03-30,2026-03-02,675,311549,296718,0,0,MEDIUM
CUST00994,ACC10814,PERSONAL_LOAN,2023-02-24,2024-12-23,562,366144,352328,150,1,VERY_HIGH
CUST00995,ACC10345,CREDIT_CARD,2022-05-04,2023-07-27,566,476995,186727,0,0,VERY_HIGH
CUST00996,ACC18554,CREDIT_CARD,2023-02-26,2024-11-10,658,41601,29091,30,0,HIGH
CUST00997,ACC12443,CREDIT_CARD,2024-12-22,2026-05-20,616,340090,197000,0,0,HIGH
CUST00998,ACC17783,CREDIT_CARD,2024-02-07,2025-12-26,623,470572,423772,30,0,HIGH
CUST00999,ACC10984,PERSONAL_LOAN,2023-04-28,2025-06-16,862,324260,135263,0,0,VERY_LOW
CUST01000,ACC17790,CREDIT_CARD,2023-06-03,2024-08-17,720,114186,23175,0,0,MEDIUM
